Date,Open,High,Low,Close,Volume,Dividends,Stock Splits,company_ticker
2021-11-29 00:00:00-05:00,349.75,357.5799865722656,346.5799865722656,355.8699951171875,740600,0.0,0.0,SNPS
2021-11-30 00:00:00-05:00,355.989990234375,355.989990234375,340.510009765625,341.0,1321500,0.0,0.0,SNPS
2021-12-01 00:00:00-05:00,344.739990234375,348.5,334.1000061035156,334.75,1167400,0.0,0.0,SNPS
2021-12-02 00:00:00-05:00,354.79998779296875,365.3800048828125,345.1000061035156,349.6700134277344,1590500,0.0,0.0,SNPS
2021-12-03 00:00:00-05:00,350.20001220703125,352.1300048828125,339.1000061035156,344.55999755859375,1098800,0.0,0.0,SNPS
2021-12-06 00:00:00-05:00,343.7799987792969,346.4700012207031,334.1099853515625,345.45001220703125,935000,0.0,0.0,SNPS
2021-12-07 00:00:00-05:00,352.1600036621094,359.6400146484375,352.010009765625,356.20001220703125,1223200,0.0,0.0,SNPS
2021-12-08 00:00:00-05:00,357.44000244140625,365.1600036621094,353.20001220703125,364.3599853515625,624800,0.0,0.0,SNPS
2021-12-09 00:00:00-05:00,361.54998779296875,364.6099853515625,354.260009765625,354.4800109863281,538100,0.0,0.0,SNPS
2021-12-10 00:00:00-05:00,358.67999267578125,362.7799987792969,355.760009765625,362.3399963378906,882300,0.0,0.0,SNPS
2021-12-13 00:00:00-05:00,362.5899963378906,365.17999267578125,360.57000732421875,362.2300109863281,743500,0.0,0.0,SNPS
2021-12-14 00:00:00-05:00,354.9700012207031,357.8800048828125,341.92999267578125,345.92999267578125,940300,0.0,0.0,SNPS
2021-12-15 00:00:00-05:00,347.0199890136719,362.0,345.8699951171875,361.29998779296875,1248000,0.0,0.0,SNPS
2021-12-16 00:00:00-05:00,363.0799865722656,365.8399963378906,351.79998779296875,352.9200134277344,890900,0.0,0.0,SNPS
2021-12-17 00:00:00-05:00,346.7200012207031,355.0,342.20001220703125,348.0400085449219,2166100,0.0,0.0,SNPS
2021-12-20 00:00:00-05:00,341.9800109863281,346.92999267578125,340.0,346.1099853515625,731500,0.0,0.0,SNPS
2021-12-21 00:00:00-05:00,349.57000732421875,359.75,344.57000732421875,359.07000732421875,810200,0.0,0.0,SNPS
2021-12-22 00:00:00-05:00,359.07000732421875,365.3299865722656,358.0400085449219,364.8299865722656,474600,0.0,0.0,SNPS
2021-12-23 00:00:00-05:00,364.3699951171875,368.8900146484375,363.75,366.1499938964844,407900,0.0,0.0,SNPS
2021-12-27 00:00:00-05:00,368.3699951171875,375.7200012207031,368.3599853515625,375.5899963378906,893900,0.0,0.0,SNPS
2021-12-28 00:00:00-05:00,376.9200134277344,377.6000061035156,369.9800109863281,372.1499938964844,471800,0.0,0.0,SNPS
2021-12-29 00:00:00-05:00,372.04998779296875,374.4800109863281,368.3699951171875,373.44000244140625,530900,0.0,0.0,SNPS
2021-12-30 00:00:00-05:00,374.1600036621094,375.0,370.19000244140625,370.80999755859375,386900,0.0,0.0,SNPS
2021-12-31 00:00:00-05:00,370.4800109863281,370.4800109863281,367.0299987792969,368.5,654700,0.0,0.0,SNPS
2022-01-03 00:00:00-05:00,367.1300048828125,371.7300109863281,358.6400146484375,361.1000061035156,674800,0.0,0.0,SNPS
2022-01-04 00:00:00-05:00,360.1000061035156,361.4599914550781,345.4100036621094,352.989990234375,895200,0.0,0.0,SNPS
2022-01-05 00:00:00-05:00,349.95001220703125,354.8699951171875,339.2799987792969,339.7699890136719,968400,0.0,0.0,SNPS
2022-01-06 00:00:00-05:00,336.5,348.42999267578125,335.20001220703125,344.9700012207031,977100,0.0,0.0,SNPS
2022-01-07 00:00:00-05:00,341.6700134277344,345.05999755859375,330.1099853515625,330.3599853515625,902200,0.0,0.0,SNPS
2022-01-10 00:00:00-05:00,322.7699890136719,330.1499938964844,318.7699890136719,329.6300048828125,986900,0.0,0.0,SNPS
2022-01-11 00:00:00-05:00,326.5400085449219,342.3299865722656,326.5400085449219,340.3800048828125,1068500,0.0,0.0,SNPS
2022-01-12 00:00:00-05:00,343.92999267578125,346.7900085449219,335.8900146484375,338.5899963378906,781500,0.0,0.0,SNPS
2022-01-13 00:00:00-05:00,340.4200134277344,342.8699951171875,326.45001220703125,327.510009765625,803300,0.0,0.0,SNPS
2022-01-14 00:00:00-05:00,324.57000732421875,330.2900085449219,321.9200134277344,326.1600036621094,651300,0.0,0.0,SNPS
2022-01-18 00:00:00-05:00,318.2200012207031,320.3999938964844,312.010009765625,313.4800109863281,878000,0.0,0.0,SNPS
2022-01-19 00:00:00-05:00,314.6099853515625,319.989990234375,311.5199890136719,312.1400146484375,770300,0.0,0.0,SNPS
2022-01-20 00:00:00-05:00,314.94000244140625,322.69000244140625,309.4800109863281,309.9599914550781,657000,0.0,0.0,SNPS
2022-01-21 00:00:00-05:00,309.25,314.95001220703125,303.0,303.30999755859375,1152700,0.0,0.0,SNPS
2022-01-24 00:00:00-05:00,299.9700012207031,308.760009765625,287.30999755859375,308.3399963378906,1374800,0.0,0.0,SNPS
2022-01-25 00:00:00-05:00,297.7200012207031,303.5,290.3500061035156,291.6600036621094,913800,0.0,0.0,SNPS
2022-01-26 00:00:00-05:00,298.9200134277344,303.8699951171875,282.8599853515625,288.55999755859375,1225200,0.0,0.0,SNPS
2022-01-27 00:00:00-05:00,293.4599914550781,294.8699951171875,282.3399963378906,285.3599853515625,984100,0.0,0.0,SNPS
2022-01-28 00:00:00-05:00,286.4100036621094,296.8699951171875,279.42999267578125,296.3500061035156,1108000,0.0,0.0,SNPS
2022-01-31 00:00:00-05:00,296.3599853515625,310.8399963378906,295.989990234375,310.5,925700,0.0,0.0,SNPS
2022-02-01 00:00:00-05:00,311.8399963378906,313.239990234375,305.82000732421875,311.82000732421875,822100,0.0,0.0,SNPS
2022-02-02 00:00:00-05:00,314.9100036621094,316.3299865722656,310.0199890136719,315.6300048828125,690600,0.0,0.0,SNPS
2022-02-03 00:00:00-05:00,308.6499938964844,312.5,301.6300048828125,303.510009765625,868200,0.0,0.0,SNPS
2022-02-04 00:00:00-05:00,302.0799865722656,311.9700012207031,300.1400146484375,308.8900146484375,771500,0.0,0.0,SNPS
2022-02-07 00:00:00-05:00,309.5199890136719,313.5400085449219,303.8299865722656,305.1400146484375,829800,0.0,0.0,SNPS
2022-02-08 00:00:00-05:00,302.9800109863281,310.94000244140625,302.25,309.1099853515625,607600,0.0,0.0,SNPS
2022-02-09 00:00:00-05:00,314.07000732421875,324.5199890136719,312.67999267578125,324.17999267578125,832400,0.0,0.0,SNPS
2022-02-10 00:00:00-05:00,314.0199890136719,321.82000732421875,308.2799987792969,311.1499938964844,878700,0.0,0.0,SNPS
2022-02-11 00:00:00-05:00,311.9100036621094,314.739990234375,293.1700134277344,295.2900085449219,963800,0.0,0.0,SNPS
2022-02-14 00:00:00-05:00,293.70001220703125,300.1600036621094,290.8699951171875,294.9599914550781,826600,0.0,0.0,SNPS
2022-02-15 00:00:00-05:00,299.989990234375,306.4100036621094,298.7699890136719,306.1499938964844,819500,0.0,0.0,SNPS
2022-02-16 00:00:00-05:00,302.6600036621094,308.1199951171875,297.8699951171875,306.7900085449219,995500,0.0,0.0,SNPS
2022-02-17 00:00:00-05:00,318.5899963378906,319.6300048828125,292.3599853515625,293.30999755859375,1302600,0.0,0.0,SNPS
2022-02-18 00:00:00-05:00,293.4100036621094,294.44000244140625,285.05999755859375,287.6300048828125,1077000,0.0,0.0,SNPS
2022-02-22 00:00:00-05:00,287.1499938964844,294.42999267578125,283.989990234375,289.4700012207031,1321100,0.0,0.0,SNPS
2022-02-23 00:00:00-05:00,294.20001220703125,298.25,285.1300048828125,285.5299987792969,1147900,0.0,0.0,SNPS
2022-02-24 00:00:00-05:00,279.5299987792969,309.4599914550781,275.0,307.79998779296875,1498300,0.0,0.0,SNPS
2022-02-25 00:00:00-05:00,306.0899963378906,312.17999267578125,301.05999755859375,311.1499938964844,1040600,0.0,0.0,SNPS
2022-02-28 00:00:00-05:00,307.70001220703125,316.010009765625,304.29998779296875,312.3900146484375,1083500,0.0,0.0,SNPS
2022-03-01 00:00:00-05:00,311.9800109863281,314.489990234375,305.2200012207031,307.7099914550781,881800,0.0,0.0,SNPS
2022-03-02 00:00:00-05:00,310.5400085449219,317.5299987792969,306.9800109863281,315.32000732421875,621400,0.0,0.0,SNPS
2022-03-03 00:00:00-05:00,317.2300109863281,318.6099853515625,306.57000732421875,308.8399963378906,704900,0.0,0.0,SNPS
2022-03-04 00:00:00-05:00,306.79998779296875,311.7699890136719,302.8299865722656,309.05999755859375,878400,0.0,0.0,SNPS
2022-03-07 00:00:00-05:00,309.7200012207031,311.07000732421875,295.3800048828125,295.4599914550781,933500,0.0,0.0,SNPS
2022-03-08 00:00:00-05:00,292.2200012207031,305.7900085449219,289.3399963378906,296.3500061035156,911100,0.0,0.0,SNPS
2022-03-09 00:00:00-05:00,303.7200012207031,309.7099914550781,302.20001220703125,307.7900085449219,809800,0.0,0.0,SNPS
2022-03-10 00:00:00-05:00,300.44000244140625,303.8399963378906,291.5199890136719,300.8399963378906,941800,0.0,0.0,SNPS
2022-03-11 00:00:00-05:00,305.0,305.9200134277344,293.1499938964844,293.69000244140625,953200,0.0,0.0,SNPS
2022-03-14 00:00:00-04:00,292.07000732421875,296.0299987792969,277.1600036621094,278.9800109863281,1192000,0.0,0.0,SNPS
2022-03-15 00:00:00-04:00,281.3900146484375,287.1400146484375,278.2799987792969,285.5,2278200,0.0,0.0,SNPS
2022-03-16 00:00:00-04:00,291.55999755859375,300.2200012207031,285.489990234375,300.0799865722656,1360200,0.0,0.0,SNPS
2022-03-17 00:00:00-04:00,300.5,304.760009765625,297.2099914550781,304.04998779296875,1175200,0.0,0.0,SNPS
2022-03-18 00:00:00-04:00,301.8900146484375,320.6300048828125,301.8800048828125,318.2099914550781,2386300,0.0,0.0,SNPS
2022-03-21 00:00:00-04:00,315.3599853515625,317.010009765625,307.19000244140625,314.30999755859375,835300,0.0,0.0,SNPS
2022-03-22 00:00:00-04:00,313.8599853515625,325.739990234375,311.2900085449219,325.2200012207031,1064700,0.0,0.0,SNPS
2022-03-23 00:00:00-04:00,321.989990234375,324.1099853515625,316.2699890136719,316.44000244140625,846700,0.0,0.0,SNPS
2022-03-24 00:00:00-04:00,318.2200012207031,325.57000732421875,315.3599853515625,325.55999755859375,696500,0.0,0.0,SNPS
2022-03-25 00:00:00-04:00,324.8500061035156,326.0,314.7900085449219,318.9100036621094,719200,0.0,0.0,SNPS
2022-03-28 00:00:00-04:00,318.2799987792969,332.8599853515625,318.0,332.3800048828125,974700,0.0,0.0,SNPS
2022-03-29 00:00:00-04:00,336.6099853515625,342.5899963378906,333.9599914550781,341.0,981500,0.0,0.0,SNPS
2022-03-30 00:00:00-04:00,337.32000732421875,339.6700134277344,330.75,332.5899963378906,706800,0.0,0.0,SNPS
2022-03-31 00:00:00-04:00,334.1499938964844,340.0899963378906,331.0799865722656,333.2699890136719,1089800,0.0,0.0,SNPS
2022-04-01 00:00:00-04:00,333.739990234375,338.1000061035156,330.2200012207031,334.9800109863281,862600,0.0,0.0,SNPS
2022-04-04 00:00:00-04:00,336.9700012207031,341.1600036621094,336.0,340.1499938964844,654400,0.0,0.0,SNPS
2022-04-05 00:00:00-04:00,339.2699890136719,340.1499938964844,325.6000061035156,327.7099914550781,813900,0.0,0.0,SNPS
2022-04-06 00:00:00-04:00,323.29998779296875,329.6099853515625,318.5,324.8500061035156,931300,0.0,0.0,SNPS
2022-04-07 00:00:00-04:00,322.489990234375,329.92999267578125,321.8999938964844,326.3699951171875,782600,0.0,0.0,SNPS
2022-04-08 00:00:00-04:00,324.2900085449219,325.3500061035156,317.04998779296875,319.8299865722656,783100,0.0,0.0,SNPS
2022-04-11 00:00:00-04:00,316.0199890136719,317.3800048828125,307.5199890136719,309.7699890136719,978300,0.0,0.0,SNPS
2022-04-12 00:00:00-04:00,316.4200134277344,320.7699890136719,309.3500061035156,310.8299865722656,775900,0.0,0.0,SNPS
2022-04-13 00:00:00-04:00,311.2300109863281,322.0799865722656,296.6400146484375,306.7200012207031,2916700,0.0,0.0,SNPS
2022-04-14 00:00:00-04:00,306.30999755859375,306.30999755859375,293.17999267578125,294.7699890136719,1486400,0.0,0.0,SNPS
2022-04-18 00:00:00-04:00,293.1099853515625,300.0,292.17999267578125,297.1199951171875,757600,0.0,0.0,SNPS
2022-04-19 00:00:00-04:00,294.739990234375,307.19000244140625,294.739990234375,306.3299865722656,679600,0.0,0.0,SNPS
2022-04-20 00:00:00-04:00,308.1000061035156,310.3699951171875,304.2699890136719,306.260009765625,775200,0.0,0.0,SNPS
2022-04-21 00:00:00-04:00,308.82000732421875,312.5799865722656,293.8500061035156,295.5,665800,0.0,0.0,SNPS
2022-04-22 00:00:00-04:00,294.9700012207031,297.80999755859375,284.5400085449219,285.0,1062000,0.0,0.0,SNPS
2022-04-25 00:00:00-04:00,286.07000732421875,291.4800109863281,284.29998779296875,290.9200134277344,829900,0.0,0.0,SNPS
2022-04-26 00:00:00-04:00,290.9200134277344,292.94000244140625,281.29998779296875,282.8999938964844,1022200,0.0,0.0,SNPS
2022-04-27 00:00:00-04:00,283.0,293.8299865722656,283.0,287.0299987792969,1005400,0.0,0.0,SNPS
2022-04-28 00:00:00-04:00,291.95001220703125,305.05999755859375,290.7099914550781,301.8599853515625,724100,0.0,0.0,SNPS
2022-04-29 00:00:00-04:00,298.54998779296875,302.3699951171875,285.5400085449219,286.7900085449219,763100,0.0,0.0,SNPS
2022-05-02 00:00:00-04:00,286.54998779296875,291.2300109863281,280.8999938964844,290.7099914550781,1028900,0.0,0.0,SNPS
2022-05-03 00:00:00-04:00,290.45001220703125,294.70001220703125,287.70001220703125,292.2099914550781,705300,0.0,0.0,SNPS
2022-05-04 00:00:00-04:00,293.3800048828125,299.94000244140625,282.8399963378906,299.19000244140625,1064200,0.0,0.0,SNPS
2022-05-05 00:00:00-04:00,293.2300109863281,294.8599853515625,278.3699951171875,282.3399963378906,1145800,0.0,0.0,SNPS
2022-05-06 00:00:00-04:00,279.8399963378906,280.5,268.7099914550781,274.7099914550781,1119500,0.0,0.0,SNPS
2022-05-09 00:00:00-04:00,269.239990234375,271.2900085449219,260.4100036621094,262.4100036621094,1209400,0.0,0.0,SNPS
2022-05-10 00:00:00-04:00,270.92999267578125,275.1000061035156,260.70001220703125,270.510009765625,1068000,0.0,0.0,SNPS
2022-05-11 00:00:00-04:00,266.8699951171875,272.79998779296875,259.8900146484375,260.8299865722656,817100,0.0,0.0,SNPS
2022-05-12 00:00:00-04:00,257.94000244140625,264.8999938964844,255.02000427246094,262.05999755859375,855500,0.0,0.0,SNPS
2022-05-13 00:00:00-04:00,267.3800048828125,277.54998779296875,266.7699890136719,275.989990234375,917700,0.0,0.0,SNPS
2022-05-16 00:00:00-04:00,273.4200134277344,276.9599914550781,270.0,273.7300109863281,818000,0.0,0.0,SNPS
2022-05-17 00:00:00-04:00,279.8399963378906,284.5,276.0299987792969,282.80999755859375,800000,0.0,0.0,SNPS
2022-05-18 00:00:00-04:00,277.6300048828125,281.6199951171875,270.739990234375,272.57000732421875,1262500,0.0,0.0,SNPS
2022-05-19 00:00:00-04:00,289.0,307.0,287.260009765625,300.5199890136719,2361500,0.0,0.0,SNPS
2022-05-20 00:00:00-04:00,303.8599853515625,308.1099853515625,293.3299865722656,306.7200012207031,1833300,0.0,0.0,SNPS
2022-05-23 00:00:00-04:00,311.239990234375,311.239990234375,301.5899963378906,306.9800109863281,1022300,0.0,0.0,SNPS
2022-05-24 00:00:00-04:00,302.29998779296875,303.4800109863281,294.25,296.3699951171875,1181100,0.0,0.0,SNPS
2022-05-25 00:00:00-04:00,295.7699890136719,302.7799987792969,292.5199890136719,299.1700134277344,967700,0.0,0.0,SNPS
2022-05-26 00:00:00-04:00,299.7200012207031,308.8399963378906,297.0199890136719,306.1000061035156,859500,0.0,0.0,SNPS
2022-05-27 00:00:00-04:00,311.44000244140625,323.4800109863281,309.239990234375,322.9599914550781,1162600,0.0,0.0,SNPS
2022-05-31 00:00:00-04:00,323.6700134277344,324.5,314.3800048828125,319.20001220703125,1219300,0.0,0.0,SNPS
2022-06-01 00:00:00-04:00,321.989990234375,324.6600036621094,313.0899963378906,316.8599853515625,781600,0.0,0.0,SNPS
2022-06-02 00:00:00-04:00,316.45001220703125,331.2200012207031,315.5299987792969,330.80999755859375,729400,0.0,0.0,SNPS
2022-06-03 00:00:00-04:00,325.489990234375,328.760009765625,323.32000732421875,327.67999267578125,742200,0.0,0.0,SNPS
2022-06-06 00:00:00-04:00,332.1300048828125,335.2900085449219,327.2200012207031,328.7900085449219,503800,0.0,0.0,SNPS
2022-06-07 00:00:00-04:00,323.0899963378906,330.7099914550781,323.010009765625,329.5299987792969,872900,0.0,0.0,SNPS
2022-06-08 00:00:00-04:00,327.6000061035156,328.19000244140625,321.25,322.8900146484375,688500,0.0,0.0,SNPS
2022-06-09 00:00:00-04:00,321.67999267578125,325.2900085449219,317.07000732421875,317.0799865722656,565000,0.0,0.0,SNPS
2022-06-10 00:00:00-04:00,310.04998779296875,310.9700012207031,303.92999267578125,305.3900146484375,711900,0.0,0.0,SNPS
2022-06-13 00:00:00-04:00,293.6000061035156,296.94000244140625,288.6700134277344,290.25,1202500,0.0,0.0,SNPS
2022-06-14 00:00:00-04:00,291.9599914550781,298.3500061035156,288.9800109863281,295.1600036621094,815300,0.0,0.0,SNPS
2022-06-15 00:00:00-04:00,297.79998779296875,309.0899963378906,296.80999755859375,303.239990234375,903300,0.0,0.0,SNPS
2022-06-16 00:00:00-04:00,294.80999755859375,297.6300048828125,286.30999755859375,289.489990234375,1094100,0.0,0.0,SNPS
2022-06-17 00:00:00-04:00,289.3699951171875,301.3900146484375,289.3699951171875,296.17999267578125,1823000,0.0,0.0,SNPS
2022-06-21 00:00:00-04:00,299.8999938964844,306.260009765625,299.55999755859375,302.2200012207031,904000,0.0,0.0,SNPS
2022-06-22 00:00:00-04:00,297.70001220703125,305.1499938964844,297.19000244140625,301.239990234375,814200,0.0,0.0,SNPS
2022-06-23 00:00:00-04:00,305.07000732421875,309.92999267578125,301.6300048828125,309.25,815600,0.0,0.0,SNPS
2022-06-24 00:00:00-04:00,313.260009765625,318.5799865722656,311.1000061035156,317.4700012207031,1946200,0.0,0.0,SNPS
2022-06-27 00:00:00-04:00,313.7900085449219,317.2099914550781,310.2300109863281,311.8599853515625,750300,0.0,0.0,SNPS
2022-06-28 00:00:00-04:00,312.0199890136719,314.1300048828125,302.239990234375,303.6700134277344,795100,0.0,0.0,SNPS
2022-06-29 00:00:00-04:00,304.4200134277344,309.5400085449219,303.3999938964844,306.05999755859375,855800,0.0,0.0,SNPS
2022-06-30 00:00:00-04:00,301.2300109863281,307.92999267578125,300.3999938964844,303.70001220703125,1039700,0.0,0.0,SNPS
2022-07-01 00:00:00-04:00,302.25,304.1300048828125,295.45001220703125,301.2300109863281,916500,0.0,0.0,SNPS
2022-07-05 00:00:00-04:00,298.2300109863281,303.7699890136719,296.30999755859375,302.9100036621094,891200,0.0,0.0,SNPS
2022-07-06 00:00:00-04:00,304.4100036621094,310.739990234375,299.8599853515625,309.6300048828125,913100,0.0,0.0,SNPS
2022-07-07 00:00:00-04:00,309.6300048828125,320.79998779296875,309.6300048828125,319.42999267578125,864000,0.0,0.0,SNPS
2022-07-08 00:00:00-04:00,314.2300109863281,318.79998779296875,312.5400085449219,317.5400085449219,578100,0.0,0.0,SNPS
2022-07-11 00:00:00-04:00,314.739990234375,318.42999267578125,311.3900146484375,315.19000244140625,496000,0.0,0.0,SNPS
2022-07-12 00:00:00-04:00,317.239990234375,319.6600036621094,305.0899963378906,306.4100036621094,745600,0.0,0.0,SNPS
2022-07-13 00:00:00-04:00,299.7799987792969,305.44000244140625,296.6600036621094,303.07000732421875,720100,0.0,0.0,SNPS
2022-07-14 00:00:00-04:00,301.0799865722656,306.94000244140625,294.2900085449219,305.0199890136719,558600,0.0,0.0,SNPS
2022-07-15 00:00:00-04:00,308.760009765625,314.9800109863281,307.8999938964844,314.29998779296875,832500,0.0,0.0,SNPS
2022-07-18 00:00:00-04:00,316.42999267578125,317.7900085449219,308.92999267578125,310.42999267578125,729800,0.0,0.0,SNPS
2022-07-19 00:00:00-04:00,315.5799865722656,324.29998779296875,315.19000244140625,323.510009765625,955200,0.0,0.0,SNPS
2022-07-20 00:00:00-04:00,325.0,332.5199890136719,323.9100036621094,330.70001220703125,767500,0.0,0.0,SNPS
2022-07-21 00:00:00-04:00,331.010009765625,339.1400146484375,330.42999267578125,338.6600036621094,774200,0.0,0.0,SNPS
2022-07-22 00:00:00-04:00,339.92999267578125,343.1700134277344,335.6700134277344,338.0400085449219,813400,0.0,0.0,SNPS
2022-07-25 00:00:00-04:00,336.94000244140625,338.5799865722656,333.1499938964844,337.6700134277344,806700,0.0,0.0,SNPS
2022-07-26 00:00:00-04:00,338.5799865722656,343.30999755859375,335.7300109863281,339.4100036621094,1048200,0.0,0.0,SNPS
2022-07-27 00:00:00-04:00,344.07000732421875,357.2099914550781,343.1700134277344,353.5400085449219,1124600,0.0,0.0,SNPS
2022-07-28 00:00:00-04:00,354.239990234375,363.3999938964844,353.010009765625,362.6400146484375,821000,0.0,0.0,SNPS
2022-07-29 00:00:00-04:00,363.44000244140625,369.25,360.6499938964844,367.5,980500,0.0,0.0,SNPS
2022-08-01 00:00:00-04:00,364.1700134277344,371.25,361.4100036621094,370.010009765625,1022800,0.0,0.0,SNPS
2022-08-02 00:00:00-04:00,367.4599914550781,371.80999755859375,366.2200012207031,368.3599853515625,1405300,0.0,0.0,SNPS
2022-08-03 00:00:00-04:00,359.0,372.4100036621094,359.0,370.8399963378906,1175700,0.0,0.0,SNPS
2022-08-04 00:00:00-04:00,371.57000732421875,372.4700012207031,367.6700134277344,372.2900085449219,756600,0.0,0.0,SNPS
2022-08-05 00:00:00-04:00,366.0899963378906,375.69000244140625,365.5,374.2900085449219,660500,0.0,0.0,SNPS
2022-08-08 00:00:00-04:00,375.0,378.4700012207031,369.760009765625,372.07000732421875,725200,0.0,0.0,SNPS
2022-08-09 00:00:00-04:00,369.19000244140625,375.07000732421875,368.9800109863281,372.6099853515625,820200,0.0,0.0,SNPS
2022-08-10 00:00:00-04:00,380.19000244140625,381.70001220703125,373.3500061035156,375.7099914550781,1179000,0.0,0.0,SNPS
2022-08-11 00:00:00-04:00,380.0799865722656,380.8900146484375,373.6000061035156,377.010009765625,910100,0.0,0.0,SNPS
2022-08-12 00:00:00-04:00,377.9599914550781,386.0,376.7099914550781,385.44000244140625,931100,0.0,0.0,SNPS
2022-08-15 00:00:00-04:00,385.1000061035156,391.1700134277344,383.9100036621094,390.45001220703125,654700,0.0,0.0,SNPS
2022-08-16 00:00:00-04:00,385.510009765625,389.489990234375,382.6300048828125,385.6700134277344,697000,0.0,0.0,SNPS
2022-08-17 00:00:00-04:00,384.260009765625,384.760009765625,378.4100036621094,381.0,1475500,0.0,0.0,SNPS
2022-08-18 00:00:00-04:00,384.3500061035156,391.0,371.8599853515625,373.32000732421875,1923400,0.0,0.0,SNPS
2022-08-19 00:00:00-04:00,368.8500061035156,368.8500061035156,361.1700134277344,363.0,1524100,0.0,0.0,SNPS
2022-08-22 00:00:00-04:00,358.32000732421875,361.6000061035156,356.07000732421875,358.1000061035156,1296800,0.0,0.0,SNPS
2022-08-23 00:00:00-04:00,354.42999267578125,361.239990234375,354.25,359.0,1016600,0.0,0.0,SNPS
2022-08-24 00:00:00-04:00,357.7799987792969,360.6199951171875,355.3800048828125,358.75,695000,0.0,0.0,SNPS
2022-08-25 00:00:00-04:00,359.8299865722656,363.3599853515625,357.55999755859375,363.260009765625,777700,0.0,0.0,SNPS
2022-08-26 00:00:00-04:00,362.7699890136719,363.5400085449219,352.95001220703125,355.0,1219600,0.0,0.0,SNPS
2022-08-29 00:00:00-04:00,350.5400085449219,354.489990234375,347.3399963378906,347.489990234375,1096200,0.0,0.0,SNPS
2022-08-30 00:00:00-04:00,350.5299987792969,351.3900146484375,341.6199951171875,346.0,1037200,0.0,0.0,SNPS
2022-08-31 00:00:00-04:00,348.9599914550781,353.29998779296875,344.42999267578125,346.0199890136719,1653700,0.0,0.0,SNPS
2022-09-01 00:00:00-04:00,341.260009765625,342.5299987792969,324.6300048828125,332.489990234375,1619600,0.0,0.0,SNPS
2022-09-02 00:00:00-04:00,334.1400146484375,338.0799865722656,329.45001220703125,330.55999755859375,1073900,0.0,0.0,SNPS
2022-09-06 00:00:00-04:00,330.7300109863281,331.6600036621094,323.9700012207031,326.8299865722656,1230300,0.0,0.0,SNPS
2022-09-07 00:00:00-04:00,328.54998779296875,333.510009765625,325.4800109863281,332.0400085449219,915900,0.0,0.0,SNPS
2022-09-08 00:00:00-04:00,330.1499938964844,334.4800109863281,328.0899963378906,333.760009765625,854900,0.0,0.0,SNPS
2022-09-09 00:00:00-04:00,335.95001220703125,342.30999755859375,334.2699890136719,340.17999267578125,839500,0.0,0.0,SNPS
2022-09-12 00:00:00-04:00,341.92999267578125,342.4599914550781,337.3900146484375,339.55999755859375,830100,0.0,0.0,SNPS
2022-09-13 00:00:00-04:00,329.6700134277344,331.2799987792969,322.6400146484375,323.6099853515625,1282500,0.0,0.0,SNPS
2022-09-14 00:00:00-04:00,327.0899963378906,328.0,319.6300048828125,323.3699951171875,1376800,0.0,0.0,SNPS
2022-09-15 00:00:00-04:00,321.4700012207031,323.3500061035156,314.05999755859375,315.94000244140625,1500000,0.0,0.0,SNPS
2022-09-16 00:00:00-04:00,310.7900085449219,314.489990234375,308.07000732421875,314.2099914550781,2322200,0.0,0.0,SNPS
2022-09-19 00:00:00-04:00,310.6300048828125,318.0199890136719,310.5799865722656,317.32000732421875,1496900,0.0,0.0,SNPS
2022-09-20 00:00:00-04:00,315.0400085449219,317.739990234375,313.54998779296875,316.260009765625,1424500,0.0,0.0,SNPS
2022-09-21 00:00:00-04:00,319.2699890136719,325.5199890136719,313.0799865722656,313.1099853515625,882600,0.0,0.0,SNPS
2022-09-22 00:00:00-04:00,310.3699951171875,312.7099914550781,306.30999755859375,306.9700012207031,1107700,0.0,0.0,SNPS
2022-09-23 00:00:00-04:00,304.6199951171875,305.2300109863281,299.6700134277344,303.2799987792969,845200,0.0,0.0,SNPS
2022-09-26 00:00:00-04:00,303.95001220703125,309.19000244140625,302.8399963378906,303.3399963378906,1010400,0.0,0.0,SNPS
2022-09-27 00:00:00-04:00,307.20001220703125,308.69000244140625,301.1600036621094,306.0899963378906,874700,0.0,0.0,SNPS
2022-09-28 00:00:00-04:00,307.70001220703125,314.8900146484375,304.6499938964844,313.1600036621094,937600,0.0,0.0,SNPS
2022-09-29 00:00:00-04:00,310.20001220703125,311.760009765625,306.17999267578125,309.2200012207031,901500,0.0,0.0,SNPS
2022-09-30 00:00:00-04:00,307.69000244140625,313.010009765625,304.7200012207031,305.510009765625,1312400,0.0,0.0,SNPS
2022-10-03 00:00:00-04:00,308.7900085449219,320.1600036621094,307.70001220703125,316.9800109863281,1077100,0.0,0.0,SNPS
2022-10-04 00:00:00-04:00,322.5799865722656,326.1099853515625,320.6600036621094,321.70001220703125,801700,0.0,0.0,SNPS
2022-10-05 00:00:00-04:00,316.2900085449219,323.8699951171875,315.9599914550781,321.3699951171875,1094300,0.0,0.0,SNPS
2022-10-06 00:00:00-04:00,320.6199951171875,326.0,319.79998779296875,321.92999267578125,917700,0.0,0.0,SNPS
2022-10-07 00:00:00-04:00,314.4100036621094,315.8800048828125,305.239990234375,307.010009765625,1093400,0.0,0.0,SNPS
2022-10-10 00:00:00-04:00,307.0899963378906,308.1300048828125,292.8399963378906,292.9800109863281,1918100,0.0,0.0,SNPS
2022-10-11 00:00:00-04:00,292.9200134277344,292.9200134277344,275.9599914550781,277.3399963378906,2919900,0.0,0.0,SNPS
2022-10-12 00:00:00-04:00,278.55999755859375,281.5,275.95001220703125,276.19000244140625,1851700,0.0,0.0,SNPS
2022-10-13 00:00:00-04:00,268.4200134277344,288.9100036621094,267.0,287.42999267578125,2003500,0.0,0.0,SNPS
2022-10-14 00:00:00-04:00,290.7200012207031,290.92999267578125,277.2200012207031,277.6099853515625,990800,0.0,0.0,SNPS
2022-10-17 00:00:00-04:00,285.80999755859375,292.1099853515625,285.80999755859375,289.260009765625,1087900,0.0,0.0,SNPS
2022-10-18 00:00:00-04:00,297.1300048828125,300.3299865722656,289.2900085449219,292.2699890136719,834500,0.0,0.0,SNPS
2022-10-19 00:00:00-04:00,287.2699890136719,292.0199890136719,286.0299987792969,288.9599914550781,451400,0.0,0.0,SNPS
2022-10-20 00:00:00-04:00,290.3999938964844,296.32000732421875,286.55999755859375,289.7099914550781,669300,0.0,0.0,SNPS
2022-10-21 00:00:00-04:00,288.79998779296875,298.5799865722656,285.17999267578125,296.5,1290700,0.0,0.0,SNPS
2022-10-24 00:00:00-04:00,298.3800048828125,303.3299865722656,294.260009765625,301.67999267578125,837700,0.0,0.0,SNPS
2022-10-25 00:00:00-04:00,303.8999938964844,304.80999755859375,292.94000244140625,294.7300109863281,1422200,0.0,0.0,SNPS
2022-10-26 00:00:00-04:00,292.9700012207031,300.0,289.79998779296875,292.7300109863281,992200,0.0,0.0,SNPS
2022-10-27 00:00:00-04:00,295.57000732421875,296.5799865722656,287.7699890136719,289.19000244140625,918200,0.0,0.0,SNPS
2022-10-28 00:00:00-04:00,291.239990234375,296.6000061035156,290.3599853515625,295.8399963378906,662500,0.0,0.0,SNPS
2022-10-31 00:00:00-04:00,293.3299865722656,295.4800109863281,291.1000061035156,292.54998779296875,781400,0.0,0.0,SNPS
2022-11-01 00:00:00-04:00,297.45001220703125,298.3500061035156,288.7099914550781,291.1700134277344,689900,0.0,0.0,SNPS
2022-11-02 00:00:00-04:00,292.45001220703125,295.4800109863281,280.7799987792969,281.1099853515625,797300,0.0,0.0,SNPS
2022-11-03 00:00:00-04:00,278.7099914550781,284.5400085449219,276.6600036621094,279.2900085449219,857300,0.0,0.0,SNPS
2022-11-04 00:00:00-04:00,283.3800048828125,283.3800048828125,269.8800048828125,276.57000732421875,1025800,0.0,0.0,SNPS
2022-11-07 00:00:00-05:00,278.8800048828125,281.67999267578125,275.3299865722656,280.5299987792969,1239700,0.0,0.0,SNPS
2022-11-08 00:00:00-05:00,282.3999938964844,292.4800109863281,280.6000061035156,291.5799865722656,1118100,0.0,0.0,SNPS
2022-11-09 00:00:00-05:00,288.57000732421875,291.9599914550781,287.0,290.0799865722656,1040000,0.0,0.0,SNPS
2022-11-10 00:00:00-05:00,307.739990234375,320.0299987792969,306.1700134277344,318.760009765625,1269600,0.0,0.0,SNPS
2022-11-11 00:00:00-05:00,318.4700012207031,331.45001220703125,317.1099853515625,331.3999938964844,1276000,0.0,0.0,SNPS
2022-11-14 00:00:00-05:00,329.989990234375,334.4800109863281,328.510009765625,330.67999267578125,897900,0.0,0.0,SNPS
2022-11-15 00:00:00-05:00,338.0899963378906,340.6099853515625,332.5299987792969,334.20001220703125,700600,0.0,0.0,SNPS
2022-11-16 00:00:00-05:00,333.0,334.2099914550781,327.260009765625,331.45001220703125,709400,0.0,0.0,SNPS
2022-11-17 00:00:00-05:00,325.2300109863281,328.1400146484375,319.9800109863281,324.2699890136719,710100,0.0,0.0,SNPS
2022-11-18 00:00:00-05:00,329.1700134277344,329.6199951171875,323.0400085449219,325.8900146484375,477600,0.0,0.0,SNPS
2022-11-21 00:00:00-05:00,325.57000732421875,327.2200012207031,322.8599853515625,324.82000732421875,567700,0.0,0.0,SNPS
2022-11-22 00:00:00-05:00,325.8500061035156,327.17999267578125,321.1600036621094,326.9599914550781,562700,0.0,0.0,SNPS
2022-11-23 00:00:00-05:00,326.7300109863281,336.30999755859375,325.54998779296875,334.2900085449219,395900,0.0,0.0,SNPS
2022-11-25 00:00:00-05:00,333.32000732421875,334.82000732421875,331.7900085449219,332.6400146484375,247500,0.0,0.0,SNPS
2022-11-28 00:00:00-05:00,332.239990234375,336.29998779296875,328.239990234375,329.1199951171875,837700,0.0,0.0,SNPS
2022-11-29 00:00:00-05:00,328.07000732421875,330.6600036621094,320.5899963378906,323.6600036621094,561100,0.0,0.0,SNPS
2022-11-30 00:00:00-05:00,325.2300109863281,340.04998779296875,322.3999938964844,339.5400085449219,1586000,0.0,0.0,SNPS
2022-12-01 00:00:00-05:00,362.5899963378906,363.989990234375,348.5299987792969,357.8399963378906,1310200,0.0,0.0,SNPS
2022-12-02 00:00:00-05:00,348.9700012207031,350.5,340.5,348.1700134277344,1076300,0.0,0.0,SNPS
2022-12-05 00:00:00-05:00,345.3900146484375,345.3900146484375,328.489990234375,331.2699890136719,1358200,0.0,0.0,SNPS
2022-12-06 00:00:00-05:00,331.20001220703125,331.20001220703125,324.739990234375,328.0199890136719,858800,0.0,0.0,SNPS
2022-12-07 00:00:00-05:00,327.1499938964844,328.6000061035156,321.260009765625,323.79998779296875,817600,0.0,0.0,SNPS
2022-12-08 00:00:00-05:00,325.20001220703125,333.42999267578125,325.0,330.6099853515625,996500,0.0,0.0,SNPS
2022-12-09 00:00:00-05:00,329.2900085449219,331.1600036621094,325.1400146484375,325.75,819000,0.0,0.0,SNPS
2022-12-12 00:00:00-05:00,325.489990234375,334.7900085449219,325.0799865722656,334.3399963378906,968700,0.0,0.0,SNPS
2022-12-13 00:00:00-05:00,349.3900146484375,350.45001220703125,336.260009765625,338.1300048828125,1130400,0.0,0.0,SNPS
2022-12-14 00:00:00-05:00,337.9599914550781,342.3599853515625,328.6099853515625,332.0299987792969,1483000,0.0,0.0,SNPS
2022-12-15 00:00:00-05:00,327.45001220703125,328.2200012207031,322.3500061035156,323.82000732421875,1343800,0.0,0.0,SNPS
2022-12-16 00:00:00-05:00,331.2799987792969,335.510009765625,326.1199951171875,329.1199951171875,2397100,0.0,0.0,SNPS
2022-12-19 00:00:00-05:00,329.69000244140625,330.239990234375,320.6600036621094,323.3900146484375,1218400,0.0,0.0,SNPS
2022-12-20 00:00:00-05:00,320.6499938964844,326.3999938964844,320.6499938964844,324.42999267578125,1056600,0.0,0.0,SNPS
2022-12-21 00:00:00-05:00,325.5400085449219,331.6199951171875,322.6499938964844,330.2200012207031,532100,0.0,0.0,SNPS
2022-12-22 00:00:00-05:00,325.4599914550781,326.3699951171875,316.0199890136719,321.7200012207031,677000,0.0,0.0,SNPS
2022-12-23 00:00:00-05:00,318.989990234375,320.5899963378906,315.6199951171875,320.2099914550781,341200,0.0,0.0,SNPS
2022-12-27 00:00:00-05:00,320.7900085449219,320.7900085449219,315.54998779296875,317.95001220703125,467900,0.0,0.0,SNPS
2022-12-28 00:00:00-05:00,317.82000732421875,321.05999755859375,314.9200134277344,315.30999755859375,349300,0.0,0.0,SNPS
2022-12-29 00:00:00-05:00,319.1600036621094,324.7900085449219,318.7200012207031,321.9800109863281,416200,0.0,0.0,SNPS
2022-12-30 00:00:00-05:00,317.8399963378906,319.3299865722656,315.4200134277344,319.2900085449219,541000,0.0,0.0,SNPS
2023-01-03 00:00:00-05:00,323.0,326.30999755859375,315.55999755859375,319.67999267578125,706100,0.0,0.0,SNPS
2023-01-04 00:00:00-05:00,323.760009765625,325.9200134277344,315.9800109863281,320.92999267578125,790400,0.0,0.0,SNPS
2023-01-05 00:00:00-05:00,317.75,318.1000061035156,312.25,315.0400085449219,794200,0.0,0.0,SNPS
2023-01-06 00:00:00-05:00,318.8900146484375,323.3500061035156,312.2699890136719,320.5400085449219,603900,0.0,0.0,SNPS
2023-01-09 00:00:00-05:00,323.3299865722656,332.6000061035156,323.3299865722656,325.95001220703125,717700,0.0,0.0,SNPS
2023-01-10 00:00:00-05:00,324.55999755859375,328.5299987792969,324.20001220703125,327.6300048828125,530500,0.0,0.0,SNPS
2023-01-11 00:00:00-05:00,329.6000061035156,334.8800048828125,328.94000244140625,334.3500061035156,592100,0.0,0.0,SNPS
2023-01-12 00:00:00-05:00,335.0,336.489990234375,328.4100036621094,333.1000061035156,535300,0.0,0.0,SNPS
2023-01-13 00:00:00-05:00,330.05999755859375,333.7799987792969,327.55999755859375,332.9700012207031,550700,0.0,0.0,SNPS
2023-01-17 00:00:00-05:00,334.0799865722656,339.6400146484375,331.0299987792969,337.29998779296875,653900,0.0,0.0,SNPS
2023-01-18 00:00:00-05:00,339.4599914550781,346.1000061035156,335.239990234375,335.6600036621094,587100,0.0,0.0,SNPS
2023-01-19 00:00:00-05:00,331.8299865722656,337.54998779296875,330.44000244140625,331.2799987792969,630700,0.0,0.0,SNPS
2023-01-20 00:00:00-05:00,330.3399963378906,343.79998779296875,329.8900146484375,342.4200134277344,816600,0.0,0.0,SNPS
2023-01-23 00:00:00-05:00,342.5400085449219,352.0899963378906,341.69000244140625,350.3299865722656,661800,0.0,0.0,SNPS
2023-01-24 00:00:00-05:00,349.5899963378906,351.0,346.0,349.2799987792969,448300,0.0,0.0,SNPS
2023-01-25 00:00:00-05:00,344.3800048828125,351.25,339.6000061035156,349.2699890136719,429300,0.0,0.0,SNPS
2023-01-26 00:00:00-05:00,354.1199951171875,357.3500061035156,350.5400085449219,356.6700134277344,544800,0.0,0.0,SNPS
2023-01-27 00:00:00-05:00,353.9200134277344,359.8699951171875,353.010009765625,357.2699890136719,489800,0.0,0.0,SNPS
2023-01-30 00:00:00-05:00,354.2699890136719,355.760009765625,349.239990234375,349.8800048828125,629800,0.0,0.0,SNPS
2023-01-31 00:00:00-05:00,350.75,356.25,350.75,353.75,934200,0.0,0.0,SNPS
2023-02-01 00:00:00-05:00,353.6700134277344,369.6099853515625,353.0199890136719,367.04998779296875,844300,0.0,0.0,SNPS
2023-02-02 00:00:00-05:00,372.3900146484375,374.6499938964844,366.05999755859375,368.5899963378906,939700,0.0,0.0,SNPS
2023-02-03 00:00:00-05:00,360.6300048828125,366.3399963378906,358.3599853515625,361.44000244140625,941300,0.0,0.0,SNPS
2023-02-06 00:00:00-05:00,357.25,362.79998779296875,356.6300048828125,359.9700012207031,578400,0.0,0.0,SNPS
2023-02-07 00:00:00-05:00,359.1600036621094,368.5199890136719,355.82000732421875,366.75,692700,0.0,0.0,SNPS
2023-02-08 00:00:00-05:00,365.1199951171875,367.6099853515625,359.70001220703125,360.6000061035156,757000,0.0,0.0,SNPS
2023-02-09 00:00:00-05:00,365.9700012207031,371.3999938964844,362.6700134277344,363.7099914550781,1061400,0.0,0.0,SNPS
2023-02-10 00:00:00-05:00,359.989990234375,360.9800109863281,356.6300048828125,359.1099853515625,590400,0.0,0.0,SNPS
2023-02-13 00:00:00-05:00,361.260009765625,364.8999938964844,360.0899963378906,361.760009765625,664700,0.0,0.0,SNPS
2023-02-14 00:00:00-05:00,362.8699951171875,378.3299865722656,362.8699951171875,375.94000244140625,1137700,0.0,0.0,SNPS
2023-02-15 00:00:00-05:00,375.489990234375,379.760009765625,373.75,379.4800109863281,869500,0.0,0.0,SNPS
2023-02-16 00:00:00-05:00,357.8699951171875,364.0400085449219,350.0,359.7099914550781,1744400,0.0,0.0,SNPS
2023-02-17 00:00:00-05:00,354.2900085449219,358.6400146484375,350.8299865722656,354.45001220703125,899600,0.0,0.0,SNPS
2023-02-21 00:00:00-05:00,350.6600036621094,352.70001220703125,347.9700012207031,352.3500061035156,823900,0.0,0.0,SNPS
2023-02-22 00:00:00-05:00,354.44000244140625,359.05999755859375,352.1199951171875,355.05999755859375,942300,0.0,0.0,SNPS
2023-02-23 00:00:00-05:00,360.0,367.54998779296875,359.3299865722656,365.4800109863281,1203400,0.0,0.0,SNPS
2023-02-24 00:00:00-05:00,359.0,362.8399963378906,357.6499938964844,362.2799987792969,895400,0.0,0.0,SNPS
2023-02-27 00:00:00-05:00,367.3999938964844,368.25,361.5799865722656,363.3599853515625,1040500,0.0,0.0,SNPS
2023-02-28 00:00:00-05:00,363.1300048828125,368.3900146484375,363.1300048828125,363.760009765625,882500,0.0,0.0,SNPS
2023-03-01 00:00:00-05:00,363.19000244140625,365.9700012207031,359.9599914550781,361.0199890136719,645000,0.0,0.0,SNPS
2023-03-02 00:00:00-05:00,359.2200012207031,364.4200134277344,355.5299987792969,363.3800048828125,536000,0.0,0.0,SNPS
2023-03-03 00:00:00-05:00,365.0,367.94000244140625,364.1300048828125,367.5,620100,0.0,0.0,SNPS
2023-03-06 00:00:00-05:00,367.42999267578125,371.239990234375,364.989990234375,368.7699890136719,776000,0.0,0.0,SNPS
2023-03-07 00:00:00-05:00,367.6600036621094,370.2699890136719,359.3299865722656,361.2799987792969,551300,0.0,0.0,SNPS
2023-03-08 00:00:00-05:00,361.2099914550781,370.1099853515625,360.5,369.0199890136719,828700,0.0,0.0,SNPS
2023-03-09 00:00:00-05:00,369.1600036621094,374.30999755859375,360.42999267578125,361.9200134277344,774700,0.0,0.0,SNPS
2023-03-10 00:00:00-05:00,361.80999755859375,364.6600036621094,353.6300048828125,355.2300109863281,758200,0.0,0.0,SNPS
2023-03-13 00:00:00-04:00,351.29998779296875,363.2200012207031,350.5799865722656,357.2900085449219,785400,0.0,0.0,SNPS
2023-03-14 00:00:00-04:00,361.3399963378906,370.20001220703125,360.1099853515625,369.8399963378906,999500,0.0,0.0,SNPS
2023-03-15 00:00:00-04:00,366.95001220703125,370.0,360.6199951171875,366.82000732421875,903100,0.0,0.0,SNPS
2023-03-16 00:00:00-04:00,366.20001220703125,377.7099914550781,364.239990234375,374.0,884400,0.0,0.0,SNPS
2023-03-17 00:00:00-04:00,374.0,378.29998779296875,370.5199890136719,372.5299987792969,1640800,0.0,0.0,SNPS
2023-03-20 00:00:00-04:00,373.79998779296875,376.010009765625,370.239990234375,375.5899963378906,714600,0.0,0.0,SNPS
2023-03-21 00:00:00-04:00,377.6199951171875,377.6199951171875,369.510009765625,374.3599853515625,896100,0.0,0.0,SNPS
2023-03-22 00:00:00-04:00,373.3900146484375,381.8599853515625,371.1700134277344,371.3500061035156,723600,0.0,0.0,SNPS
2023-03-23 00:00:00-04:00,375.4700012207031,381.1300048828125,371.2300109863281,379.3999938964844,974400,0.0,0.0,SNPS
2023-03-24 00:00:00-04:00,378.1400146484375,379.9599914550781,370.3699951171875,376.55999755859375,944500,0.0,0.0,SNPS
2023-03-27 00:00:00-04:00,377.0899963378906,378.7799987792969,371.20001220703125,373.9200134277344,655100,0.0,0.0,SNPS
2023-03-28 00:00:00-04:00,372.80999755859375,374.8299865722656,366.0400085449219,369.8699951171875,692200,0.0,0.0,SNPS
2023-03-29 00:00:00-04:00,373.82000732421875,377.25,372.3599853515625,375.0400085449219,902400,0.0,0.0,SNPS
2023-03-30 00:00:00-04:00,376.5400085449219,378.7799987792969,373.1000061035156,375.94000244140625,722100,0.0,0.0,SNPS
2023-03-31 00:00:00-04:00,377.0,386.7200012207031,375.9599914550781,386.25,1131900,0.0,0.0,SNPS
2023-04-03 00:00:00-04:00,385.17999267578125,389.5799865722656,384.1199951171875,388.94000244140625,843200,0.0,0.0,SNPS
2023-04-04 00:00:00-04:00,389.8800048828125,392.7900085449219,384.010009765625,384.92999267578125,602400,0.0,0.0,SNPS
2023-04-05 00:00:00-04:00,383.25,384.4800109863281,376.1000061035156,378.3599853515625,827200,0.0,0.0,SNPS
2023-04-06 00:00:00-04:00,375.6199951171875,378.30999755859375,373.4100036621094,375.9200134277344,848400,0.0,0.0,SNPS
2023-04-10 00:00:00-04:00,372.9700012207031,380.45001220703125,371.0,379.989990234375,490100,0.0,0.0,SNPS
2023-04-11 00:00:00-04:00,378.0,382.3299865722656,377.5,379.3999938964844,457500,0.0,0.0,SNPS
2023-04-12 00:00:00-04:00,382.3800048828125,383.3800048828125,376.07000732421875,376.5199890136719,532000,0.0,0.0,SNPS
2023-04-13 00:00:00-04:00,380.29998779296875,382.260009765625,377.3900146484375,381.55999755859375,1129400,0.0,0.0,SNPS
2023-04-14 00:00:00-04:00,378.8599853515625,383.2900085449219,377.75,381.67999267578125,613600,0.0,0.0,SNPS
2023-04-17 00:00:00-04:00,381.9599914550781,382.510009765625,376.4700012207031,380.19000244140625,463400,0.0,0.0,SNPS
2023-04-18 00:00:00-04:00,382.760009765625,384.2699890136719,378.17999267578125,380.42999267578125,385800,0.0,0.0,SNPS
2023-04-19 00:00:00-04:00,378.6499938964844,379.7699890136719,375.19000244140625,378.7699890136719,432900,0.0,0.0,SNPS
2023-04-20 00:00:00-04:00,376.1499938964844,382.5199890136719,375.5299987792969,377.55999755859375,513800,0.0,0.0,SNPS
2023-04-21 00:00:00-04:00,376.82000732421875,381.7099914550781,374.6199951171875,377.260009765625,558800,0.0,0.0,SNPS
2023-04-24 00:00:00-04:00,375.67999267578125,380.8500061035156,374.2099914550781,375.6700134277344,490400,0.0,0.0,SNPS
2023-04-25 00:00:00-04:00,371.4100036621094,372.0299987792969,360.3699951171875,364.5299987792969,842200,0.0,0.0,SNPS
2023-04-26 00:00:00-04:00,364.5299987792969,370.6199951171875,363.989990234375,365.1000061035156,718700,0.0,0.0,SNPS
2023-04-27 00:00:00-04:00,367.29998779296875,369.5,362.05999755859375,368.3900146484375,566500,0.0,0.0,SNPS
2023-04-28 00:00:00-04:00,368.3900146484375,374.8500061035156,367.20001220703125,371.32000732421875,743100,0.0,0.0,SNPS
2023-05-01 00:00:00-04:00,370.760009765625,372.8900146484375,367.94000244140625,371.6199951171875,538700,0.0,0.0,SNPS
2023-05-02 00:00:00-04:00,372.20001220703125,374.79998779296875,367.1499938964844,368.8299865722656,648500,0.0,0.0,SNPS
2023-05-03 00:00:00-04:00,369.05999755859375,373.7699890136719,366.1000061035156,368.0,580300,0.0,0.0,SNPS
2023-05-04 00:00:00-04:00,368.1099853515625,370.8500061035156,366.1000061035156,366.6199951171875,551800,0.0,0.0,SNPS
2023-05-05 00:00:00-04:00,368.32000732421875,372.3500061035156,366.8900146484375,371.55999755859375,679000,0.0,0.0,SNPS
2023-05-08 00:00:00-04:00,371.3900146484375,373.3900146484375,367.3399963378906,371.739990234375,628500,0.0,0.0,SNPS
2023-05-09 00:00:00-04:00,369.5,370.07000732421875,366.04998779296875,366.95001220703125,559900,0.0,0.0,SNPS
2023-05-10 00:00:00-04:00,370.6600036621094,372.760009765625,365.4599914550781,370.1199951171875,563000,0.0,0.0,SNPS
2023-05-11 00:00:00-04:00,370.4700012207031,370.82000732421875,365.5899963378906,367.9599914550781,597700,0.0,0.0,SNPS
2023-05-12 00:00:00-04:00,368.5799865722656,369.510009765625,365.6000061035156,368.8399963378906,761700,0.0,0.0,SNPS
2023-05-15 00:00:00-04:00,368.1199951171875,373.3699951171875,365.6700134277344,373.2799987792969,856800,0.0,0.0,SNPS
2023-05-16 00:00:00-04:00,370.739990234375,377.0,370.2099914550781,375.1400146484375,859600,0.0,0.0,SNPS
2023-05-17 00:00:00-04:00,377.3500061035156,380.05999755859375,374.20001220703125,377.0799865722656,1103600,0.0,0.0,SNPS
2023-05-18 00:00:00-04:00,387.5,410.9100036621094,386.5,409.7099914550781,2005700,0.0,0.0,SNPS
2023-05-19 00:00:00-04:00,413.0299987792969,418.3999938964844,407.4700012207031,408.5,1296700,0.0,0.0,SNPS
2023-05-22 00:00:00-04:00,405.760009765625,408.1099853515625,398.4100036621094,401.67999267578125,1078600,0.0,0.0,SNPS
2023-05-23 00:00:00-04:00,399.6099853515625,399.67999267578125,392.0,393.0899963378906,844400,0.0,0.0,SNPS
2023-05-24 00:00:00-04:00,390.5799865722656,398.0,390.20001220703125,395.3900146484375,830400,0.0,0.0,SNPS
2023-05-25 00:00:00-04:00,410.0299987792969,440.6400146484375,409.8399963378906,434.20001220703125,2576300,0.0,0.0,SNPS
2023-05-26 00:00:00-04:00,434.29998779296875,450.0,434.29998779296875,444.7300109863281,1903500,0.0,0.0,SNPS
2023-05-30 00:00:00-04:00,454.1700134277344,468.0299987792969,452.0,464.8299865722656,2692400,0.0,0.0,SNPS
2023-05-31 00:00:00-04:00,460.45001220703125,462.3399963378906,451.1000061035156,454.9599914550781,3080100,0.0,0.0,SNPS
2023-06-01 00:00:00-04:00,446.5299987792969,460.8699951171875,445.8399963378906,454.54998779296875,1359100,0.0,0.0,SNPS
2023-06-02 00:00:00-04:00,455.44000244140625,457.8500061035156,447.57000732421875,449.3599853515625,1047000,0.0,0.0,SNPS
2023-06-05 00:00:00-04:00,448.2300109863281,454.0899963378906,445.1000061035156,450.1600036621094,737100,0.0,0.0,SNPS
2023-06-06 00:00:00-04:00,448.25,450.8800048828125,442.739990234375,443.8399963378906,1152500,0.0,0.0,SNPS
2023-06-07 00:00:00-04:00,443.9800109863281,446.2099914550781,433.760009765625,435.32000732421875,1141900,0.0,0.0,SNPS
2023-06-08 00:00:00-04:00,435.9800109863281,440.489990234375,433.239990234375,437.69000244140625,799700,0.0,0.0,SNPS
2023-06-09 00:00:00-04:00,440.8299865722656,447.42999267578125,437.7699890136719,438.7799987792969,782100,0.0,0.0,SNPS
2023-06-12 00:00:00-04:00,440.0,446.6199951171875,437.75,446.0400085449219,711100,0.0,0.0,SNPS
2023-06-13 00:00:00-04:00,448.75,451.95001220703125,442.0899963378906,449.9800109863281,829000,0.0,0.0,SNPS
2023-06-14 00:00:00-04:00,446.6300048828125,451.489990234375,440.8500061035156,446.04998779296875,999800,0.0,0.0,SNPS
2023-06-15 00:00:00-04:00,442.8999938964844,449.20001220703125,441.8500061035156,446.3699951171875,904800,0.0,0.0,SNPS
2023-06-16 00:00:00-04:00,448.739990234375,449.8800048828125,438.5400085449219,441.19000244140625,1890200,0.0,0.0,SNPS
2023-06-20 00:00:00-04:00,437.3399963378906,441.3299865722656,431.5400085449219,435.5,1076800,0.0,0.0,SNPS
2023-06-21 00:00:00-04:00,434.92999267578125,437.95001220703125,424.8900146484375,426.3399963378906,1038500,0.0,0.0,SNPS
2023-06-22 00:00:00-04:00,423.7799987792969,427.8500061035156,417.80999755859375,426.1300048828125,918000,0.0,0.0,SNPS
2023-06-23 00:00:00-04:00,422.739990234375,424.57000732421875,417.7699890136719,419.55999755859375,4197700,0.0,0.0,SNPS
2023-06-26 00:00:00-04:00,420.6499938964844,425.5,417.0400085449219,417.2099914550781,732200,0.0,0.0,SNPS
2023-06-27 00:00:00-04:00,420.9700012207031,429.1300048828125,416.8699951171875,426.7799987792969,849100,0.0,0.0,SNPS
2023-06-28 00:00:00-04:00,424.5799865722656,429.6099853515625,423.1499938964844,427.1499938964844,705600,0.0,0.0,SNPS
2023-06-29 00:00:00-04:00,429.6300048828125,430.8699951171875,425.1400146484375,427.8999938964844,496200,0.0,0.0,SNPS
2023-06-30 00:00:00-04:00,431.6199951171875,438.3500061035156,431.0299987792969,435.4100036621094,973600,0.0,0.0,SNPS
2023-07-03 00:00:00-04:00,431.5199890136719,436.510009765625,429.6199951171875,434.010009765625,484100,0.0,0.0,SNPS
2023-07-05 00:00:00-04:00,432.4700012207031,437.57000732421875,431.4700012207031,432.739990234375,624400,0.0,0.0,SNPS
2023-07-06 00:00:00-04:00,426.82000732421875,432.6600036621094,425.4100036621094,431.1099853515625,965700,0.0,0.0,SNPS
2023-07-07 00:00:00-04:00,430.0400085449219,434.8999938964844,426.489990234375,431.2900085449219,1115400,0.0,0.0,SNPS
2023-07-10 00:00:00-04:00,432.19000244140625,447.010009765625,432.0199890136719,445.7200012207031,1320900,0.0,0.0,SNPS
2023-07-11 00:00:00-04:00,446.1700134277344,446.1700134277344,434.1400146484375,438.70001220703125,944300,0.0,0.0,SNPS
2023-07-12 00:00:00-04:00,444.7799987792969,445.42999267578125,438.2300109863281,441.3500061035156,800900,0.0,0.0,SNPS
2023-07-13 00:00:00-04:00,448.32000732421875,451.1000061035156,445.6400146484375,448.8399963378906,794400,0.0,0.0,SNPS
2023-07-14 00:00:00-04:00,449.5199890136719,457.2099914550781,449.5199890136719,454.1099853515625,865100,0.0,0.0,SNPS
2023-07-17 00:00:00-04:00,454.2900085449219,462.8500061035156,453.2200012207031,461.17999267578125,673500,0.0,0.0,SNPS
2023-07-18 00:00:00-04:00,458.7099914550781,465.0,453.19000244140625,462.92999267578125,924900,0.0,0.0,SNPS
2023-07-19 00:00:00-04:00,464.7200012207031,465.6700134277344,455.760009765625,457.3299865722656,685200,0.0,0.0,SNPS
2023-07-20 00:00:00-04:00,454.8399963378906,458.2900085449219,450.70001220703125,451.7099914550781,800300,0.0,0.0,SNPS
2023-07-21 00:00:00-04:00,454.7900085449219,458.29998779296875,451.0,454.0,2549700,0.0,0.0,SNPS
2023-07-24 00:00:00-04:00,454.0,455.0,447.32000732421875,450.75,762700,0.0,0.0,SNPS
2023-07-25 00:00:00-04:00,445.9599914550781,460.20001220703125,445.9599914550781,456.45001220703125,856900,0.0,0.0,SNPS
2023-07-26 00:00:00-04:00,455.760009765625,455.760009765625,445.4200134277344,449.3299865722656,647900,0.0,0.0,SNPS
2023-07-27 00:00:00-04:00,455.510009765625,460.25,447.489990234375,448.739990234375,653900,0.0,0.0,SNPS
2023-07-28 00:00:00-04:00,455.5899963378906,456.1300048828125,448.4599914550781,450.8999938964844,701900,0.0,0.0,SNPS
2023-07-31 00:00:00-04:00,451.0,453.1099853515625,447.7699890136719,451.79998779296875,563100,0.0,0.0,SNPS
2023-08-01 00:00:00-04:00,448.1400146484375,454.55999755859375,444.30999755859375,453.510009765625,550400,0.0,0.0,SNPS
2023-08-02 00:00:00-04:00,449.75,449.75,439.0799865722656,441.17999267578125,816100,0.0,0.0,SNPS
2023-08-03 00:00:00-04:00,436.8999938964844,441.7300109863281,436.70001220703125,440.1199951171875,493900,0.0,0.0,SNPS
2023-08-04 00:00:00-04:00,442.2900085449219,449.3699951171875,437.2200012207031,441.4200134277344,603600,0.0,0.0,SNPS
2023-08-07 00:00:00-04:00,445.3699951171875,448.9700012207031,441.75,444.0,459700,0.0,0.0,SNPS
2023-08-08 00:00:00-04:00,441.3399963378906,441.3399963378906,433.7099914550781,435.989990234375,658500,0.0,0.0,SNPS
2023-08-09 00:00:00-04:00,435.2200012207031,436.3699951171875,425.80999755859375,428.9599914550781,575000,0.0,0.0,SNPS
2023-08-10 00:00:00-04:00,435.17999267578125,438.8399963378906,429.45001220703125,431.3900146484375,492000,0.0,0.0,SNPS
2023-08-11 00:00:00-04:00,426.5299987792969,431.3299865722656,425.44000244140625,428.4599914550781,477700,0.0,0.0,SNPS
2023-08-14 00:00:00-04:00,426.1099853515625,434.989990234375,425.6099853515625,434.8500061035156,775500,0.0,0.0,SNPS
2023-08-15 00:00:00-04:00,435.510009765625,439.1199951171875,433.510009765625,436.739990234375,800500,0.0,0.0,SNPS
2023-08-16 00:00:00-04:00,436.5799865722656,436.5799865722656,427.42999267578125,428.2099914550781,884800,0.0,0.0,SNPS
2023-08-17 00:00:00-04:00,450.1600036621094,451.989990234375,423.2799987792969,424.1000061035156,1492000,0.0,0.0,SNPS
2023-08-18 00:00:00-04:00,422.7300109863281,428.4599914550781,418.510009765625,426.0199890136719,802000,0.0,0.0,SNPS
2023-08-21 00:00:00-04:00,427.94000244140625,438.0,427.6300048828125,436.4700012207031,643300,0.0,0.0,SNPS
2023-08-22 00:00:00-04:00,440.4200134277344,443.6600036621094,433.82000732421875,436.3900146484375,682400,0.0,0.0,SNPS
2023-08-23 00:00:00-04:00,438.75,450.5,438.5400085449219,448.239990234375,796900,0.0,0.0,SNPS
2023-08-24 00:00:00-04:00,455.25,456.82000732421875,434.5899963378906,435.8599853515625,906400,0.0,0.0,SNPS
2023-08-25 00:00:00-04:00,436.2300109863281,443.0400085449219,434.1400146484375,442.239990234375,703100,0.0,0.0,SNPS
2023-08-28 00:00:00-04:00,445.79998779296875,448.0,441.2300109863281,443.67999267578125,366400,0.0,0.0,SNPS
2023-08-29 00:00:00-04:00,441.8399963378906,453.5,440.7300109863281,451.57000732421875,692500,0.0,0.0,SNPS
2023-08-30 00:00:00-04:00,453.8500061035156,457.4700012207031,451.6600036621094,457.2799987792969,631600,0.0,0.0,SNPS
2023-08-31 00:00:00-04:00,457.54998779296875,463.9700012207031,457.54998779296875,458.8900146484375,898500,0.0,0.0,SNPS
2023-09-01 00:00:00-04:00,460.0,462.9599914550781,456.8299865722656,460.45001220703125,473200,0.0,0.0,SNPS
2023-09-05 00:00:00-04:00,460.45001220703125,468.5799865722656,457.2900085449219,466.8500061035156,671300,0.0,0.0,SNPS
2023-09-06 00:00:00-04:00,464.80999755859375,471.1499938964844,464.80999755859375,465.69000244140625,746200,0.0,0.0,SNPS
2023-09-07 00:00:00-04:00,465.07000732421875,468.010009765625,451.0899963378906,458.0899963378906,986400,0.0,0.0,SNPS
2023-09-08 00:00:00-04:00,456.94000244140625,460.3900146484375,454.3900146484375,459.1400146484375,830000,0.0,0.0,SNPS
2023-09-11 00:00:00-04:00,459.7799987792969,463.6400146484375,453.3599853515625,461.82000732421875,608800,0.0,0.0,SNPS
2023-09-12 00:00:00-04:00,456.79998779296875,460.44000244140625,454.0199890136719,454.3599853515625,909900,0.0,0.0,SNPS
2023-09-13 00:00:00-04:00,453.3399963378906,469.0,453.3399963378906,466.8599853515625,925300,0.0,0.0,SNPS
2023-09-14 00:00:00-04:00,469.3800048828125,469.70001220703125,460.6000061035156,466.1499938964844,920300,0.0,0.0,SNPS
2023-09-15 00:00:00-04:00,466.6000061035156,467.5,447.9800109863281,451.92999267578125,1681000,0.0,0.0,SNPS
2023-09-18 00:00:00-04:00,450.19000244140625,460.260009765625,448.82000732421875,460.010009765625,621000,0.0,0.0,SNPS
2023-09-19 00:00:00-04:00,458.8900146484375,460.44000244140625,453.19000244140625,460.0199890136719,586700,0.0,0.0,SNPS
2023-09-20 00:00:00-04:00,461.0,463.5400085449219,453.0199890136719,453.2799987792969,668400,0.0,0.0,SNPS
2023-09-21 00:00:00-04:00,448.5799865722656,450.95001220703125,444.010009765625,444.2699890136719,762900,0.0,0.0,SNPS
2023-09-22 00:00:00-04:00,446.2200012207031,454.4700012207031,446.17999267578125,446.8500061035156,577600,0.0,0.0,SNPS
2023-09-25 00:00:00-04:00,445.79998779296875,449.30999755859375,442.70001220703125,447.8299865722656,360900,0.0,0.0,SNPS
2023-09-26 00:00:00-04:00,446.5400085449219,446.5400085449219,440.6199951171875,444.3500061035156,724000,0.0,0.0,SNPS
2023-09-27 00:00:00-04:00,447.989990234375,450.32000732421875,442.0,446.7099914550781,623400,0.0,0.0,SNPS
2023-09-28 00:00:00-04:00,446.6300048828125,463.239990234375,445.07000732421875,460.7099914550781,1114100,0.0,0.0,SNPS
2023-09-29 00:00:00-04:00,468.0299987792969,471.94000244140625,458.3699951171875,458.9700012207031,1189600,0.0,0.0,SNPS
2023-10-02 00:00:00-04:00,461.19000244140625,465.260009765625,456.760009765625,463.82000732421875,734100,0.0,0.0,SNPS
2023-10-03 00:00:00-04:00,460.8999938964844,465.760009765625,448.260009765625,450.7200012207031,884900,0.0,0.0,SNPS
2023-10-04 00:00:00-04:00,452.55999755859375,463.8900146484375,452.54998779296875,461.32000732421875,600900,0.0,0.0,SNPS
2023-10-05 00:00:00-04:00,462.1099853515625,463.8999938964844,452.2699890136719,459.75,550200,0.0,0.0,SNPS
2023-10-06 00:00:00-04:00,455.5199890136719,476.989990234375,454.6000061035156,473.260009765625,905100,0.0,0.0,SNPS
2023-10-09 00:00:00-04:00,468.0,482.4700012207031,464.3800048828125,479.9200134277344,868400,0.0,0.0,SNPS
2023-10-10 00:00:00-04:00,483.1099853515625,493.9200134277344,480.1700134277344,490.1099853515625,1267700,0.0,0.0,SNPS
2023-10-11 00:00:00-04:00,490.2799987792969,495.44000244140625,489.55999755859375,494.95001220703125,707900,0.0,0.0,SNPS
2023-10-12 00:00:00-04:00,497.80999755859375,502.6600036621094,491.9599914550781,496.2300109863281,967800,0.0,0.0,SNPS
2023-10-13 00:00:00-04:00,496.45001220703125,498.4200134277344,486.1400146484375,489.6700134277344,747900,0.0,0.0,SNPS
2023-10-16 00:00:00-04:00,490.5,495.4100036621094,487.760009765625,491.9599914550781,610900,0.0,0.0,SNPS
2023-10-17 00:00:00-04:00,486.9800109863281,494.2300109863281,481.8699951171875,492.04998779296875,664600,0.0,0.0,SNPS
2023-10-18 00:00:00-04:00,490.5299987792969,493.05999755859375,483.9599914550781,485.7300109863281,605200,0.0,0.0,SNPS
2023-10-19 00:00:00-04:00,488.510009765625,492.3299865722656,481.3500061035156,482.3699951171875,642400,0.0,0.0,SNPS
2023-10-20 00:00:00-04:00,482.3699951171875,482.42999267578125,466.3500061035156,467.6400146484375,1001500,0.0,0.0,SNPS
2023-10-23 00:00:00-04:00,466.0,473.55999755859375,461.45001220703125,467.82000732421875,764300,0.0,0.0,SNPS
2023-10-24 00:00:00-04:00,466.4800109863281,474.3999938964844,463.489990234375,468.0299987792969,642900,0.0,0.0,SNPS
2023-10-25 00:00:00-04:00,467.6099853515625,468.239990234375,454.2699890136719,455.260009765625,853600,0.0,0.0,SNPS
2023-10-26 00:00:00-04:00,458.4200134277344,460.5899963378906,448.9100036621094,453.5400085449219,630200,0.0,0.0,SNPS
2023-10-27 00:00:00-04:00,457.6300048828125,460.1499938964844,453.3800048828125,457.0,559700,0.0,0.0,SNPS
2023-10-30 00:00:00-04:00,460.2699890136719,462.739990234375,455.0,460.94000244140625,697800,0.0,0.0,SNPS
2023-10-31 00:00:00-04:00,464.32000732421875,472.2900085449219,459.0799865722656,469.44000244140625,729700,0.0,0.0,SNPS
2023-11-01 00:00:00-04:00,470.70001220703125,477.79998779296875,468.0,475.3800048828125,939000,0.0,0.0,SNPS
2023-11-02 00:00:00-04:00,480.3599853515625,482.5400085449219,472.1000061035156,478.6400146484375,1001500,0.0,0.0,SNPS
2023-11-03 00:00:00-04:00,482.4599914550781,492.239990234375,480.6199951171875,487.94000244140625,710600,0.0,0.0,SNPS
2023-11-06 00:00:00-05:00,487.95001220703125,490.3399963378906,484.8999938964844,489.94000244140625,651500,0.0,0.0,SNPS
2023-11-07 00:00:00-05:00,494.010009765625,500.5799865722656,490.1199951171875,499.0199890136719,662400,0.0,0.0,SNPS
2023-11-08 00:00:00-05:00,500.0,506.8999938964844,499.6400146484375,506.1600036621094,791500,0.0,0.0,SNPS
2023-11-09 00:00:00-05:00,505.80999755859375,513.0,504.1600036621094,505.1700134277344,789000,0.0,0.0,SNPS
2023-11-10 00:00:00-05:00,511.07000732421875,520.510009765625,507.8599853515625,518.8300170898438,1109200,0.0,0.0,SNPS
2023-11-13 00:00:00-05:00,516.22998046875,524.8099975585938,514.4500122070312,522.8800048828125,713200,0.0,0.0,SNPS
2023-11-14 00:00:00-05:00,531.3300170898438,538.8200073242188,525.22998046875,538.3200073242188,784900,0.0,0.0,SNPS
2023-11-15 00:00:00-05:00,540.5499877929688,541.8400268554688,524.510009765625,529.3200073242188,1284400,0.0,0.0,SNPS
2023-11-16 00:00:00-05:00,530.3400268554688,537.780029296875,528.47998046875,533.4500122070312,816400,0.0,0.0,SNPS
2023-11-17 00:00:00-05:00,534.2100219726562,539.8400268554688,531.8900146484375,534.780029296875,599900,0.0,0.0,SNPS
2023-11-20 00:00:00-05:00,536.9199829101562,544.719970703125,535.2999877929688,541.52001953125,698100,0.0,0.0,SNPS
2023-11-21 00:00:00-05:00,542.1799926757812,545.5700073242188,535.7000122070312,540.3800048828125,683700,0.0,0.0,SNPS
2023-11-22 00:00:00-05:00,542.219970703125,549.0,540.7000122070312,541.030029296875,600300,0.0,0.0,SNPS
2023-11-24 00:00:00-05:00,538.4299926757812,543.4199829101562,537.9400024414062,542.6900024414062,243300,0.0,0.0,SNPS
2023-11-27 00:00:00-05:00,545.9000244140625,549.6699829101562,539.47998046875,543.530029296875,997200,0.0,0.0,SNPS
