Date,Open,High,Low,Close,Volume,Dividends,Stock Splits,Capital Gains,company_ticker
2021-11-29 00:00:00-05:00,37.999259145504936,38.164937632243294,37.69616090503465,38.09184265136719,38700,0.0,0.0,0.0,USXF
2021-11-30 00:00:00-05:00,37.88230662386686,37.9017988670992,37.11725373638246,37.17085647583008,75200,0.0,0.0,0.0,USXF
2021-12-01 00:00:00-05:00,37.62891162517619,37.75560933628618,36.61533737182617,36.61533737182617,75700,0.0,0.0,0.0,USXF
2021-12-02 00:00:00-05:00,36.72254294800709,37.45348527783563,36.654321961310956,37.31704330444336,70100,0.0,0.0,0.0,USXF
2021-12-03 00:00:00-05:00,37.36578077678612,37.36578077678612,36.450641569135925,36.85899353027344,60500,0.0,0.0,0.0,USXF
2021-12-06 00:00:00-05:00,36.99542914831805,37.26831682949012,36.683560699348696,37.151363372802734,108800,0.0,0.0,0.0,USXF
2021-12-07 00:00:00-05:00,37.697127421671624,38.116201262614695,37.697127421671624,38.03433609008789,81400,0.0,0.0,0.0,USXF
2021-12-08 00:00:00-05:00,38.11620731967833,38.16493606567383,37.90179637598013,38.16493606567383,70800,0.0,0.0,0.0,USXF
2021-12-09 00:00:00-05:00,38.12595209864678,38.12595209864678,37.74586266985799,37.78776931762695,59800,0.0,0.0,0.0,USXF
2021-12-10 00:00:00-05:00,38.03823762685801,38.11620659317671,37.82285263283228,38.082096099853516,102800,0.0,0.0,0.0,USXF
2021-12-13 00:00:00-05:00,38.07134216990455,38.07134216990455,37.77811050415039,37.77811050415039,54600,0.114,0.0,0.0,USXF
2021-12-14 00:00:00-05:00,37.41645622513652,37.58262320481232,37.002021273403436,37.308937072753906,50800,0.0,0.0,0.0,USXF
2021-12-15 00:00:00-05:00,37.348038276518906,38.0322480622888,37.18187501368627,38.013675689697266,43800,0.0,0.0,0.0,USXF
2021-12-16 00:00:00-05:00,38.21795399771251,38.21795399771251,37.39690314240561,37.52397155761719,96600,0.0,0.0,0.0,USXF
2021-12-17 00:00:00-05:00,37.2698495968339,37.57285410930521,37.045038474191244,37.230751037597656,64000,0.0,0.0,0.0,USXF
2021-12-20 00:00:00-05:00,36.765484659057456,36.81044837201984,36.47616428891042,36.751800537109375,90800,0.0,0.0,0.0,USXF
2021-12-21 00:00:00-05:00,37.12322180481139,37.543521881103516,36.917960017406244,37.543521881103516,136900,0.0,0.0,0.0,USXF
2021-12-22 00:00:00-05:00,37.5337557471923,37.8856315612793,37.475107913856064,37.8856315612793,74800,0.0,0.0,0.0,USXF
2021-12-23 00:00:00-05:00,37.99315092055717,38.198416473970205,37.99315092055717,38.11142349243164,72700,0.0,0.0,0.0,USXF
2021-12-27 00:00:00-05:00,38.217958871890744,38.70667959264967,38.217958871890744,38.686153411865234,88100,0.0,0.0,0.0,USXF
2021-12-28 00:00:00-05:00,38.73599834484589,38.79855378036885,38.54539759661544,38.58253860473633,126300,0.0,0.0,0.0,USXF
2021-12-29 00:00:00-05:00,38.65780419872799,38.755550569780816,38.569834329101845,38.687129974365234,66200,0.0,0.0,0.0,USXF
2021-12-30 00:00:00-05:00,38.81420251245897,38.838640042324435,38.550292850214895,38.5620231628418,46100,0.0,0.0,0.0,USXF
2021-12-31 00:00:00-05:00,38.60893698292062,38.66758481178851,38.47209577753875,38.550289154052734,38900,0.0,0.0,0.0,USXF
2022-01-03 00:00:00-05:00,38.52096873536487,38.639237573984296,38.159316430304344,38.36457824707031,69600,0.0,0.0,0.0,USXF
2022-01-04 00:00:00-05:00,38.43300366629203,38.511200784554966,37.97653936079578,38.2599983215332,77800,0.0,0.0,0.0,USXF
2022-01-05 00:00:00-05:00,38.09089220641931,38.09089220641931,37.289390563964844,37.289390563964844,80800,0.0,0.0,0.0,USXF
2022-01-06 00:00:00-05:00,37.27961454284699,37.51908664274829,37.12811231842988,37.299163818359375,44600,0.0,0.0,0.0,USXF
2022-01-07 00:00:00-05:00,37.282551482781614,37.406685475526736,36.898415464081005,36.986385345458984,51300,0.0,0.0,0.0,USXF
2022-01-10 00:00:00-05:00,36.683377340845084,36.93751421222781,36.14578527565699,36.917964935302734,68100,0.0,0.0,0.0,USXF
2022-01-11 00:00:00-05:00,36.83977290252288,37.2698495968339,36.65406033911647,37.230751037597656,56000,0.0,0.0,0.0,USXF
2022-01-12 00:00:00-05:00,37.42623712154939,37.533756286555814,37.1721002354172,37.31871795654297,44800,0.0,0.0,0.0,USXF
2022-01-13 00:00:00-05:00,37.42623206513658,37.47510338936131,36.59833908081055,36.59833908081055,44900,0.0,0.0,0.0,USXF
2022-01-14 00:00:00-05:00,36.42924184755233,36.64428015120981,36.214203543894854,36.58563232421875,59600,0.0,0.0,0.0,USXF
2022-01-18 00:00:00-05:00,36.204433174189134,36.21420594834831,35.842777143363286,35.91120147705078,82800,0.0,0.0,0.0,USXF
2022-01-19 00:00:00-05:00,36.096921373433425,36.31195973520314,35.539779916706514,35.59549331665039,72900,0.0,0.0,0.0,USXF
2022-01-20 00:00:00-05:00,35.8427795267206,36.22398485985628,35.17128064808497,35.23676681518555,92400,0.0,0.0,0.0,USXF
2022-01-21 00:00:00-05:00,35.207442509777024,35.46157565363282,34.66985044222732,34.68939971923828,134900,0.0,0.0,0.0,USXF
2022-01-24 00:00:00-05:00,34.09315785830196,34.845788201008546,33.21345908665968,34.796913146972656,117300,0.0,0.0,0.0,USXF
2022-01-25 00:00:00-05:00,34.35706759610203,34.669848553955276,33.92210646006725,34.15180206298828,70800,0.0,0.0,0.0,USXF
2022-01-26 00:00:00-05:00,34.778348699553305,34.96308434528998,33.88789641373319,34.0833854675293,75400,0.0,0.0,0.0,USXF
2022-01-27 00:00:00-05:00,34.581877703536996,34.74315270043026,33.77157645796212,33.91721725463867,255400,0.0,0.0,0.0,USXF
2022-01-28 00:00:00-05:00,33.926990877594804,34.796913146972656,33.55654272619311,34.796913146972656,137200,0.0,0.0,0.0,USXF
2022-01-31 00:00:00-05:00,34.76759462602989,35.53488607136242,34.76759462602989,35.51045227050781,99000,0.0,0.0,0.0,USXF
2022-02-01 00:00:00-05:00,35.647290387280584,35.751875099714226,35.241651296202285,35.73427963256836,95300,0.0,0.0,0.0,USXF
2022-02-02 00:00:00-05:00,35.77435873360453,35.97962428997644,35.61503752312306,35.88187789916992,79000,0.0,0.0,0.0,USXF
2022-02-03 00:00:00-05:00,35.51045184214779,35.61992481398323,35.06082591385348,35.07060241699219,111600,0.0,0.0,0.0,USXF
2022-02-04 00:00:00-05:00,34.972856310065865,35.417593990367294,34.75195655544819,35.14879608154297,105500,0.0,0.0,0.0,USXF
2022-02-07 00:00:00-05:00,35.246536244396424,35.305180338767315,34.98555734706033,35.031497955322266,68900,0.0,0.0,0.0,USXF
2022-02-08 00:00:00-05:00,35.002178764004036,35.40292959902178,34.88292929940595,35.37360382080078,94300,0.0,0.0,0.0,USXF
2022-02-09 00:00:00-05:00,35.80172439322429,36.07736434816707,35.80172439322429,36.04804229736328,84300,0.0,0.0,0.0,USXF
2022-02-10 00:00:00-05:00,35.520221043100726,36.08615821839014,35.19766358755663,35.36383056640625,64400,0.0,0.0,0.0,USXF
2022-02-11 00:00:00-05:00,35.40293137071336,35.45766785460759,34.44503917392095,34.542781829833984,63500,0.0,0.0,0.0,USXF
2022-02-14 00:00:00-05:00,34.40593996257282,34.61609002454871,34.1322538196887,34.386390686035156,96000,0.0,0.0,0.0,USXF
2022-02-15 00:00:00-05:00,34.96307993067908,35.08819082127107,34.7969129509082,35.08037185668945,62700,0.0,0.0,0.0,USXF
2022-02-16 00:00:00-05:00,34.845790277438994,35.13902197591214,34.65030123557579,35.05105209350586,76500,0.0,0.0,0.0,USXF
2022-02-17 00:00:00-05:00,34.79691301596796,34.79691301596796,34.12247977934343,34.175262451171875,152900,0.0,0.0,0.0,USXF
2022-02-18 00:00:00-05:00,34.23977377159658,34.28864882839758,33.74225716311218,33.89767074584961,67500,0.0,0.0,0.0,USXF
2022-02-22 00:00:00-05:00,33.69241067334302,34.0736122727934,33.44805029127037,33.64353561401367,168500,0.0,0.0,0.0,USXF
2022-02-23 00:00:00-05:00,33.87812183453759,33.87812183453759,32.881131069057766,32.96910095214844,70400,0.0,0.0,0.0,USXF
2022-02-24 00:00:00-05:00,31.981886547700896,33.682632641717184,31.942787993468865,33.61421203613281,71800,0.0,0.0,0.0,USXF
2022-02-25 00:00:00-05:00,33.721726082118806,34.35706444178975,33.61420693860747,34.308189392089844,76400,0.0,0.0,0.0,USXF
2022-02-28 00:00:00-05:00,33.88789195351445,34.307215154345144,33.699248714143756,34.14202880859375,87300,0.0,0.0,0.0,USXF
2022-03-01 00:00:00-05:00,34.142032595469054,34.18992702115004,33.389402177552974,33.56534194946289,187200,0.0,0.0,0.0,USXF
2022-03-02 00:00:00-05:00,33.7461653815517,34.39616107021352,33.70217858023724,34.26909637451172,49700,0.0,0.0,0.0,USXF
2022-03-03 00:00:00-05:00,34.41571382479856,34.41571382479856,33.79992837328449,33.97586441040039,56900,0.0,0.0,0.0,USXF
2022-03-04 00:00:00-05:00,33.63376255757858,33.731505218131424,33.22323890888444,33.56534194946289,67200,0.0,0.0,0.0,USXF
2022-03-07 00:00:00-05:00,33.47736984331983,33.545790446897925,32.32398862779866,32.372859954833984,100500,0.0,0.0,0.0,USXF
2022-03-08 00:00:00-05:00,32.333764177507796,32.99842091715841,31.95255888912271,32.138275146484375,52600,0.0,0.0,0.0,USXF
2022-03-09 00:00:00-05:00,32.98865068560087,33.358121962505635,32.87331255855984,33.193912506103516,126600,0.0,0.0,0.0,USXF
2022-03-10 00:00:00-05:00,32.63677798524745,32.94955903305312,32.46083817977623,32.89091491699219,57500,0.0,0.0,0.0,USXF
2022-03-11 00:00:00-05:00,33.20368723103995,33.20368723103995,32.3924090382463,32.441280364990234,202500,0.0,0.0,0.0,USXF
2022-03-14 00:00:00-04:00,32.524364191475506,32.82639173573664,32.15782366517928,32.19691848754883,67900,0.0,0.0,0.0,USXF
2022-03-15 00:00:00-04:00,32.53902578317637,33.10887431030023,32.52827237643538,32.99842071533203,73300,0.0,0.0,0.0,USXF
2022-03-16 00:00:00-04:00,33.44805109639259,33.9465446472168,33.05707298420777,33.9465446472168,82300,0.0,0.0,0.0,USXF
2022-03-17 00:00:00-04:00,33.79992730447807,34.386390686035156,33.75105224881227,34.386390686035156,65400,0.0,0.0,0.0,USXF
2022-03-18 00:00:00-04:00,34.24955552632132,34.95819921488086,34.24955552632132,34.93376541137695,79300,0.0,0.0,0.0,USXF
2022-03-21 00:00:00-04:00,34.92398828801709,34.95331034315959,34.4059454277325,34.743160247802734,47600,0.0,0.0,0.0,USXF
2022-03-22 00:00:00-04:00,34.86533526244458,35.14879418213355,34.86533526244458,35.04127502441406,60600,0.0,0.0,0.0,USXF
2022-03-23 00:00:00-04:00,34.777367700047115,34.806689749638736,34.36684036254883,34.36684036254883,62000,0.0,0.0,0.0,USXF
2022-03-24 00:00:00-04:00,34.524575950121594,34.954662773982065,34.407009442140236,34.91547393798828,60900,0.081,0.0,0.0,USXF
2022-03-25 00:00:00-04:00,34.994829402582646,35.072224173980416,34.642137366929056,34.97523498535156,54300,0.0,0.0,0.0,USXF
2022-03-28 00:00:00-04:00,34.97523293697453,35.31322633697,34.80868226889108,35.30833053588867,73200,0.0,0.0,0.0,USXF
2022-03-29 00:00:00-04:00,35.74919863861364,35.984324177393844,35.58264795616237,35.925540924072266,64400,0.0,0.0,0.0,USXF
2022-03-30 00:00:00-04:00,35.83737338956905,35.83737338956905,35.39650831138961,35.543460845947266,35300,0.0,0.0,0.0,USXF
2022-03-31 00:00:00-04:00,35.59244903503447,35.59244903503447,34.90665932339975,34.96543884277344,122300,0.0,0.0,0.0,USXF
2022-04-01 00:00:00-04:00,35.07222858741648,35.161380767822266,34.82730394708643,35.161380767822266,43400,0.0,0.0,0.0,USXF
2022-04-04 00:00:00-04:00,35.171178730477386,35.41610336303711,35.171178730477386,35.41610336303711,38400,0.0,0.0,0.0,USXF
2022-04-05 00:00:00-04:00,35.33771940836546,35.35731382395934,34.836112833469535,34.896854400634766,64300,0.0,0.0,0.0,USXF
2022-04-06 00:00:00-04:00,34.49518301804611,34.651934627329005,34.181679799480335,34.41680908203125,80000,0.0,0.0,0.0,USXF
2022-04-07 00:00:00-04:00,34.348230285576776,34.808686032946234,34.25025819456498,34.59315490722656,53400,0.0,0.0,0.0,USXF
2022-04-08 00:00:00-04:00,34.51477707073003,34.74990635079009,34.416808717435984,34.45305633544922,81400,0.0,0.0,0.0,USXF
2022-04-11 00:00:00-04:00,34.1914772869842,34.22086704446618,33.877974082999785,33.87993240356445,42900,0.0,0.0,0.0,USXF
2022-04-12 00:00:00-04:00,34.181682217758606,34.31883941842806,33.51548689686119,33.61835479736328,59300,0.0,0.0,0.0,USXF
2022-04-13 00:00:00-04:00,33.58406392948846,34.12290110304179,33.58406392948846,34.055301666259766,85300,0.0,0.0,0.0,USXF
2022-04-14 00:00:00-04:00,34.08370850150418,34.16208243075027,33.58406022070562,33.62324905395508,88100,0.0,0.0,0.0,USXF
2022-04-18 00:00:00-04:00,33.48609152111371,33.64284311520292,33.30974551060674,33.57426452636719,51600,0.0,0.0,0.0,USXF
2022-04-19 00:00:00-04:00,33.45670574871605,34.176781017228706,33.45670574871605,34.113101959228516,50500,0.0,0.0,0.0,USXF
2022-04-20 00:00:00-04:00,34.3384319623795,34.46579381486684,34.16796463125169,34.28944778442383,88000,0.0,0.0,0.0,USXF
2022-04-21 00:00:00-04:00,34.583353045049904,34.583353045049904,33.5938592976444,33.62324905395508,59800,0.0,0.0,0.0,USXF
2022-04-22 00:00:00-04:00,33.525285215974236,33.525285215974236,32.67294479582844,32.69253921508789,69600,0.0,0.0,0.0,USXF
2022-04-25 00:00:00-04:00,32.53578254605534,33.12360382080078,32.26146819352579,33.12360382080078,52200,0.0,0.0,0.0,USXF
2022-04-26 00:00:00-04:00,32.692537538788834,32.736625914175306,31.957763671875,31.957763671875,40200,0.0,0.0,0.0,USXF
2022-04-27 00:00:00-04:00,32.271265587499755,32.742503292420636,32.21346523264531,32.388832092285156,46800,0.0,0.0,0.0,USXF
2022-04-28 00:00:00-04:00,32.702339088885076,33.29995581044949,32.3310317488046,33.1040153503418,339800,0.0,0.0,0.0,USXF
2022-04-29 00:00:00-04:00,32.937461232688555,32.96685472786874,31.92837301315763,32.03614044189453,177300,0.0,0.0,0.0,USXF
2022-05-02 00:00:00-04:00,32.016546276478415,32.24873433533973,31.543350241505696,32.17329788208008,74000,0.0,0.0,0.0,USXF
2022-05-03 00:00:00-04:00,32.25167171715289,32.393728443238686,32.07532943148931,32.261470794677734,54200,0.0,0.0,0.0,USXF
2022-05-04 00:00:00-04:00,32.349643624350115,33.209817258446215,31.952866943643855,33.15299606323242,72600,0.0,0.0,0.0,USXF
2022-05-05 00:00:00-04:00,32.80030658746083,32.80030658746083,31.693246193640345,32.06553268432617,60300,0.0,0.0,0.0,USXF
2022-05-06 00:00:00-04:00,31.722638940907963,31.859796134955683,31.219072095704284,31.4973087310791,66500,0.0,0.0,0.0,USXF
2022-05-09 00:00:00-04:00,31.00745898884535,31.122084288200785,30.370655299832272,30.5078125,48500,0.0,0.0,0.0,USXF
2022-05-10 00:00:00-04:00,30.968272288243423,30.968272288243423,30.210964593656588,30.48822021484375,88400,0.0,0.0,0.0,USXF
2022-05-11 00:00:00-04:00,30.360855768391144,30.86246240829362,29.890600944952496,29.988571166992188,51400,0.0,0.0,0.0,USXF
2022-05-12 00:00:00-04:00,29.70445744826473,30.14532250924636,29.488924456577347,30.008163452148438,56200,0.0,0.0,0.0,USXF
2022-05-13 00:00:00-04:00,30.40984056532702,30.983942417775822,30.331462896011608,30.889892578125,45300,0.0,0.0,0.0,USXF
2022-05-16 00:00:00-04:00,30.70374902343373,31.017252222847304,30.533281705468262,30.59598159790039,88200,0.0,0.0,0.0,USXF
2022-05-17 00:00:00-04:00,31.222989453920945,31.35034942626953,30.831108591191423,31.35034942626953,57600,0.0,0.0,0.0,USXF
2022-05-18 00:00:00-04:00,30.88989287923193,30.919282636885207,29.95917860193039,30.066946029663086,2643300,0.0,0.0,0.0,USXF
2022-05-19 00:00:00-04:00,29.998367661618246,30.37065225415088,29.711314861819595,30.047351837158203,93300,0.0,0.0,0.0,USXF
2022-05-20 00:00:00-04:00,30.35105675980292,30.35105675980292,29.371358334745683,30.057147979736328,107200,0.0,0.0,0.0,USXF
2022-05-23 00:00:00-04:00,30.272681896321856,30.635171146993812,30.17471167706242,30.537200927734375,148900,0.0,0.0,0.0,USXF
2022-05-24 00:00:00-04:00,30.341261074632204,30.419636877826665,29.856311376312274,30.409841537475586,48000,0.0,0.0,0.0,USXF
2022-05-25 00:00:00-04:00,30.253089387602284,30.82131445280809,30.253089387602284,30.693954467773438,40200,0.0,0.0,0.0,USXF
2022-05-26 00:00:00-04:00,30.782125464524785,31.418929085177485,30.782125464524785,31.340553283691406,60300,0.0,0.0,0.0,USXF
2022-05-27 00:00:00-04:00,31.565885435873305,32.212486267089844,31.565885435873305,32.212486267089844,41400,0.0,0.0,0.0,USXF
2022-05-31 00:00:00-04:00,31.99695046934052,32.07532813736479,31.64523759799946,31.889183044433594,48100,0.0,0.0,0.0,USXF
2022-06-01 00:00:00-04:00,32.03614081322273,32.05573523115229,31.303325279120216,31.526697158813477,29300,0.0,0.0,0.0,USXF
2022-06-02 00:00:00-04:00,31.526695990937583,32.34964282722833,31.467912739326476,32.33984375,141600,0.0,0.0,0.0,USXF
2022-06-03 00:00:00-04:00,31.928375226683936,32.036142662892125,31.70990287317241,31.771623611450195,26400,0.0,0.0,0.0,USXF
2022-06-06 00:00:00-04:00,32.16350190407206,32.24187583669244,31.77162102921118,31.83040428161621,63600,0.0,0.0,0.0,USXF
2022-06-07 00:00:00-04:00,31.582540384408873,32.17329921372086,31.582540384408873,32.1439094543457,38300,0.0,0.0,0.0,USXF
2022-06-08 00:00:00-04:00,32.02634358473504,32.080227302839134,31.703045013363766,31.771623611450195,47100,0.0,0.0,0.0,USXF
2022-06-09 00:00:00-04:00,31.568241779427016,31.748040897528245,31.027856826782227,31.027856826782227,36000,0.093,0.0,0.0,USXF
2022-06-10 00:00:00-04:00,30.438344331728437,30.496312789009266,29.9765625,29.9765625,76800,0.0,0.0,0.0,USXF
2022-06-13 00:00:00-04:00,29.220028609858723,29.34775675238979,28.744491551729503,28.79754638671875,102100,0.0,0.0,0.0,USXF
2022-06-14 00:00:00-04:00,29.033346177345802,29.033346177345802,28.49198116693742,28.709115982055664,136200,0.0,0.0,0.0,USXF
2022-06-15 00:00:00-04:00,29.08247501350465,29.5619418191729,28.797544463807856,29.23967742919922,77400,0.0,0.0,0.0,USXF
2022-06-16 00:00:00-04:00,28.492964428246747,28.492964428246747,27.99384686244122,28.129432678222656,52700,0.0,0.0,0.0,USXF
2022-06-17 00:00:00-04:00,28.257161431909278,28.66785241551064,28.090133630760278,28.47331428527832,62500,0.0,0.0,0.0,USXF
2022-06-21 00:00:00-04:00,28.807369240390724,29.092299784067443,28.807369240390724,29.01369857788086,238100,0.0,0.0,0.0,USXF
2022-06-22 00:00:00-04:00,28.610867781096307,29.339893375203612,28.610867781096307,29.0687198638916,39900,0.0,0.0,0.0,USXF
2022-06-23 00:00:00-04:00,29.20037586203459,29.48530641147533,29.077561357758537,29.35757827758789,92500,0.0,0.0,0.0,USXF
2022-06-24 00:00:00-04:00,29.77023565645058,30.467823028564453,29.77023565645058,30.467823028564453,64700,0.0,0.0,0.0,USXF
2022-06-27 00:00:00-04:00,30.311601331612525,30.457996382362385,30.16324232826233,30.222192764282227,43200,0.0,0.0,0.0,USXF
2022-06-28 00:00:00-04:00,30.340095647156865,30.526774226592938,29.42635726928711,29.42635726928711,39500,0.0,0.0,0.0,USXF
2022-06-29 00:00:00-04:00,29.495133087948336,29.573734299166023,29.248520218277253,29.51478385925293,34300,0.0,0.0,0.0,USXF
2022-06-30 00:00:00-04:00,29.023523322168394,29.544255598908375,28.885969808878134,29.347753524780273,196300,0.0,0.0,0.0,USXF
2022-07-01 00:00:00-04:00,29.092298508856448,29.563905725303847,29.043171585892868,29.504955291748047,52100,0.0,0.0,0.0,USXF
2022-07-05 00:00:00-04:00,29.131601277234907,29.721111297607422,28.989135996461414,29.721111297607422,44800,0.0,0.0,0.0,USXF
2022-07-06 00:00:00-04:00,29.789887732077315,30.035516756087187,29.602227172725776,29.85866355895996,36900,0.0,0.0,0.0,USXF
2022-07-07 00:00:00-04:00,29.956912353463785,30.309636733775278,29.956912353463785,30.20254135131836,34800,0.0,0.0,0.0,USXF
2022-07-08 00:00:00-04:00,30.064990341513063,30.310619344509085,29.917613314515567,30.192716598510742,66300,0.0,0.0,0.0,USXF
2022-07-11 00:00:00-04:00,29.976565044815956,30.094465921904344,29.80953724060686,29.878313064575195,43400,0.0,0.0,0.0,USXF
2022-07-12 00:00:00-04:00,30.03060377168574,30.03060377168574,29.337930027273586,29.495132446289062,75900,0.0,0.0,0.0,USXF
2022-07-13 00:00:00-04:00,28.994049333324437,29.51379967260426,28.974398562243746,29.401792526245117,106200,0.0,0.0,0.0,USXF
2022-07-14 00:00:00-04:00,28.964572900762796,29.361510602008412,28.72876927204296,29.259328842163086,73700,0.0,0.0,0.0,USXF
2022-07-15 00:00:00-04:00,29.691633234120633,29.841958064152845,29.544256206991097,29.80953598022461,59500,0.0,0.0,0.0,USXF
2022-07-18 00:00:00-04:00,30.08464307716435,30.153418902656774,29.532468772495594,29.6326847076416,66000,0.0,0.0,0.0,USXF
2022-07-19 00:00:00-04:00,29.937263469787347,30.507122705748486,29.927438084374142,30.497299194335938,41200,0.0,0.0,0.0,USXF
2022-07-20 00:00:00-04:00,30.516948042951558,30.851003650470076,30.428521448373086,30.738996505737305,48200,0.0,0.0,0.0,USXF
2022-07-21 00:00:00-04:00,30.733104648002378,31.145761489868164,30.561163204057856,31.145761489868164,123100,0.0,0.0,0.0,USXF
2022-07-22 00:00:00-04:00,31.1555818103853,31.235166866607482,30.634849523897355,30.841176986694336,28900,0.0,0.0,0.0,USXF
2022-07-25 00:00:00-04:00,30.860827780275507,30.860827780275507,30.53659757134618,30.723276138305664,38200,0.0,0.0,0.0,USXF
2022-07-26 00:00:00-04:00,30.654499683502134,30.654499683502134,30.271317172507995,30.37939453125,29400,0.0,0.0,0.0,USXF
2022-07-27 00:00:00-04:00,30.664325356323666,31.263660753058183,30.664325356323666,31.182111740112305,58700,0.0,0.0,0.0,USXF
2022-07-28 00:00:00-04:00,31.19488329757301,31.77456789302276,31.05733165594106,31.695964813232422,50500,0.0,0.0,0.0,USXF
2022-07-29 00:00:00-04:00,31.750002238685585,32.08405781858887,31.725441588222704,32.06932067871094,56600,0.0,0.0,0.0,USXF
2022-08-01 00:00:00-04:00,31.83352525886749,32.19115958391231,31.7942237127302,31.988759994506836,64900,0.0,0.0,0.0,USXF
2022-08-02 00:00:00-04:00,31.774569823265352,32.147926978947886,31.637018173277408,31.754919052124023,37200,0.0,0.0,0.0,USXF
2022-08-03 00:00:00-04:00,31.9808941205719,32.378815637643285,31.9808941205719,32.30512619018555,25700,0.0,0.0,0.0,USXF
2022-08-04 00:00:00-04:00,32.30512237068483,32.432846733309404,32.167570750627256,32.42302322387695,31300,0.0,0.0,0.0,USXF
2022-08-05 00:00:00-04:00,32.020196274938314,32.403376911488806,32.020196274938314,32.354251861572266,58600,0.0,0.0,0.0,USXF
2022-08-08 00:00:00-04:00,32.472153979637525,32.64704321190664,32.24126211335005,32.27565002441406,27300,0.0,0.0,0.0,USXF
2022-08-09 00:00:00-04:00,32.167575838008226,32.167575838008226,31.897382435877287,31.99072265625,40900,0.0,0.0,0.0,USXF
2022-08-10 00:00:00-04:00,32.629356379388355,32.81603682336635,32.557634628345085,32.806209564208984,51500,0.0,0.0,0.0,USXF
2022-08-11 00:00:00-04:00,33.02236621722875,33.19921941237261,32.678483338670624,32.7177848815918,40300,0.0,0.0,0.0,USXF
2022-08-12 00:00:00-04:00,32.93394018452109,33.317120864571066,32.847477538211834,33.29747009277344,46200,0.0,0.0,0.0,USXF
2022-08-15 00:00:00-04:00,33.189388921570156,33.51362099710288,33.189388921570156,33.47431945800781,60300,0.0,0.0,0.0,USXF
2022-08-16 00:00:00-04:00,33.3564173049161,33.651171340782625,33.257181484720554,33.43501663208008,59900,0.0,0.0,0.0,USXF
2022-08-17 00:00:00-04:00,33.120614383456775,33.36624339030176,33.01450472139641,33.159915924072266,108700,0.0,0.0,0.0,USXF
2022-08-18 00:00:00-04:00,33.14026517433547,33.28764407773442,33.07148935221628,33.218868255615234,44100,0.0,0.0,0.0,USXF
2022-08-19 00:00:00-04:00,32.992891329603864,32.992891329603864,32.6686592284463,32.72761154174805,35500,0.0,0.0,0.0,USXF
2022-08-22 00:00:00-04:00,32.31495321956436,32.31495321956436,31.892471006003507,31.938650131225586,69600,0.0,0.0,0.0,USXF
2022-08-23 00:00:00-04:00,31.882645897539675,32.04868984714815,31.77456853464613,31.80404281616211,26300,0.0,0.0,0.0,USXF
2022-08-24 00:00:00-04:00,31.813871992321644,32.03002298313199,31.755901654112428,31.95142364501953,27300,0.0,0.0,0.0,USXF
2022-08-25 00:00:00-04:00,32.030021058074354,32.432852480193645,31.98089600620638,32.3935546875,29200,0.0,0.0,0.0,USXF
2022-08-26 00:00:00-04:00,32.30512749950989,32.32477826949513,31.18505797235862,31.2243595123291,40300,0.0,0.0,0.0,USXF
2022-08-29 00:00:00-04:00,30.998383220770098,31.155585651999296,30.855919805844188,30.929607391357422,48800,0.0,0.0,0.0,USXF
2022-08-30 00:00:00-04:00,31.086806002310432,31.116282157293867,30.507121405640245,30.69379997253418,35100,0.0,0.0,0.0,USXF
2022-08-31 00:00:00-04:00,30.77240184742379,30.899146130806766,30.30079460144043,30.30079460144043,54800,0.0,0.0,0.0,USXF
2022-09-01 00:00:00-04:00,30.114114125623622,30.359743118286133,29.824271839321842,30.359743118286133,67500,0.0,0.0,0.0,USXF
2022-09-02 00:00:00-04:00,30.65450034869455,30.75275045077324,29.878311799069003,29.98638916015625,51200,0.0,0.0,0.0,USXF
2022-09-06 00:00:00-04:00,30.035514860816953,30.145556176885474,29.780060467086017,29.829187393188477,81300,0.0,0.0,0.0,USXF
2022-09-07 00:00:00-04:00,29.93726407577806,30.615200691006578,29.93726407577806,30.546424865722656,45200,0.0,0.0,0.0,USXF
2022-09-08 00:00:00-04:00,30.359743755263228,30.880477905273438,30.300793320507523,30.880477905273438,46500,0.0,0.0,0.0,USXF
2022-09-09 00:00:00-04:00,31.057332642689126,31.44051329883852,31.057332642689126,31.368789672851562,48200,0.0,0.0,0.0,USXF
2022-09-12 00:00:00-04:00,31.53876051994481,31.66648864298285,31.43068503968238,31.578062057495117,34400,0.0,0.0,0.0,USXF
2022-09-13 00:00:00-04:00,30.811702102165057,30.909952202143472,30.153416312706792,30.232017517089844,50700,0.0,0.0,0.0,USXF
2022-09-14 00:00:00-04:00,30.33027204752056,30.34992094477207,29.956914889731454,30.204509735107422,64900,0.0,0.0,0.0,USXF
2022-09-15 00:00:00-04:00,30.055167527908395,30.240862260492406,29.72111190533335,29.81150245666504,30500,0.0,0.0,0.0,USXF
2022-09-16 00:00:00-04:00,29.48530641247571,29.652334213256836,29.34775476736206,29.652334213256836,39600,0.0,0.0,0.0,USXF
2022-09-19 00:00:00-04:00,29.38705442826943,29.829187393188477,29.38705442826943,29.829187393188477,67000,0.0,0.0,0.0,USXF
2022-09-20 00:00:00-04:00,29.48530770731991,29.48530770731991,29.111950548471754,29.308454513549805,47200,0.0,0.0,0.0,USXF
2022-09-21 00:00:00-04:00,29.475479764062463,29.670017885529262,28.876144409179688,28.876144409179688,23900,0.0,0.0,0.0,USXF
2022-09-22 00:00:00-04:00,28.78771911708806,28.78771911708806,28.47331428527832,28.47331428527832,56300,0.0,0.0,0.0,USXF
2022-09-23 00:00:00-04:00,28.276809667018803,28.276809667018803,27.84450212504202,28.217857360839844,58300,0.0,0.0,0.0,USXF
2022-09-26 00:00:00-04:00,28.09647451582299,28.36293258269267,27.79054222552317,27.87343978881836,128000,0.127,0.0,0.0,USXF
2022-09-27 00:00:00-04:00,28.145818917170423,28.353062820027024,27.61290279726898,27.770803451538086,44600,0.0,0.0,0.0,USXF
2022-09-28 00:00:00-04:00,27.889229702045462,28.550439393369274,27.889229702045462,28.422143936157227,47500,0.0,0.0,0.0,USXF
2022-09-29 00:00:00-04:00,28.037259495040406,28.037259495040406,27.71849731334053,27.958309173583984,72800,0.0,0.0,0.0,USXF
2022-09-30 00:00:00-04:00,27.948441329672445,28.254373602959294,27.593163926936604,27.65237808227539,768100,0.0,0.0,0.0,USXF
2022-10-03 00:00:00-04:00,27.928702716058098,28.525766535272446,27.79054012102875,28.313587188720703,70200,0.0,0.0,0.0,USXF
2022-10-04 00:00:00-04:00,28.846503313298395,29.330074310302734,28.846503313298395,29.330074310302734,81700,0.0,0.0,0.0,USXF
2022-10-05 00:00:00-04:00,28.915583269379216,29.412972385973898,28.797158723389412,29.27086067199707,50300,0.0,0.0,0.0,USXF
2022-10-06 00:00:00-04:00,29.112959405761288,29.295531674983934,28.91558265686035,28.91558265686035,134700,0.0,0.0,0.0,USXF
2022-10-07 00:00:00-04:00,28.619517858525636,28.619517858525636,27.91291222292131,28.027389526367188,52600,0.0,0.0,0.0,USXF
2022-10-10 00:00:00-04:00,28.126079209655703,28.165555312062047,27.494476629747517,27.672115325927734,86900,0.0,0.0,0.0,USXF
2022-10-11 00:00:00-04:00,27.52408215091429,27.810278249784677,27.297100206356234,27.451053619384766,51100,0.0,0.0,0.0,USXF
2022-10-12 00:00:00-04:00,27.474740137056976,27.56355949018539,27.356313705444336,27.356313705444336,40400,0.0,0.0,0.0,USXF
2022-10-13 00:00:00-04:00,26.744447940788756,28.135948567534804,26.64575956593158,27.987916946411133,76200,0.0,0.0,0.0,USXF
2022-10-14 00:00:00-04:00,28.28398020626628,28.28398020626628,27.297100221728517,27.38591957092285,53500,0.0,0.0,0.0,USXF
2022-10-17 00:00:00-04:00,27.918835802483795,28.15568677405107,27.918835802483795,28.076736450195312,50300,0.0,0.0,0.0,USXF
2022-10-18 00:00:00-04:00,28.649126532926985,28.74781302519127,28.116210439543767,28.313587188720703,78000,0.0,0.0,0.0,USXF
2022-10-19 00:00:00-04:00,28.185292780631176,28.296811080979722,27.855675216100256,28.05699920654297,39600,0.0,0.0,0.0,USXF
2022-10-20 00:00:00-04:00,27.99778839591293,28.38267102061881,27.711592272283387,27.790542602539062,335000,0.0,0.0,0.0,USXF
2022-10-21 00:00:00-04:00,27.701722106293513,28.412276931692666,27.603033726952045,28.372800827026367,184400,0.0,0.0,0.0,USXF
2022-10-24 00:00:00-04:00,28.589911518962197,28.836631506851383,28.435958110992004,28.797157287597656,26700,0.0,0.0,0.0,USXF
2022-10-25 00:00:00-04:00,28.856373702062108,29.399158882768905,28.856373702062108,29.38928985595703,40400,0.0,0.0,0.0,USXF
2022-10-26 00:00:00-04:00,29.03401198694686,29.586664303897606,29.03401198694686,29.122831344604492,123000,0.0,0.0,0.0,USXF
2022-10-27 00:00:00-04:00,29.172172950668728,29.48205434702796,29.073484571911184,29.162303924560547,39800,0.0,0.0,0.0,USXF
2022-10-28 00:00:00-04:00,29.122829526694506,29.853120513374172,29.1080269287837,29.813644409179688,65200,0.0,0.0,0.0,USXF
2022-10-31 00:00:00-04:00,29.685351075744542,29.774170428577605,29.537319448464196,29.576793670654297,152400,0.0,0.0,0.0,USXF
2022-11-01 00:00:00-04:00,29.862987584994467,29.961675956697615,29.468235980506016,29.537317276000977,47400,0.0,0.0,0.0,USXF
2022-11-02 00:00:00-04:00,29.51758085740529,29.774169885092213,28.708339552874968,28.75768280029297,38800,0.0,0.0,0.0,USXF
2022-11-03 00:00:00-04:00,28.353061563779463,28.658995714904485,28.2642422143979,28.402406692504883,67300,0.0,0.0,0.0,USXF
2022-11-04 00:00:00-04:00,28.876108727622107,29.04387840118221,28.402406784272713,28.955059051513672,36800,0.0,0.0,0.0,USXF
2022-11-07 00:00:00-05:00,29.043880354317498,29.29060036836053,28.876110669475267,29.231388092041016,42300,0.0,0.0,0.0,USXF
2022-11-08 00:00:00-05:00,29.369548010221262,29.78403767118035,29.21756915805512,29.527448654174805,39300,0.0,0.0,0.0,USXF
2022-11-09 00:00:00-05:00,29.310337268560204,29.349811490446044,28.935321807861328,28.935321807861328,28600,0.0,0.0,0.0,USXF
2022-11-10 00:00:00-05:00,30.099839754648826,30.849868774414062,30.099839754648826,30.849868774414062,51500,0.0,0.0,0.0,USXF
2022-11-11 00:00:00-05:00,30.879475909145743,31.224882401112218,30.830130780061815,31.126195907592773,71800,0.0,0.0,0.0,USXF
2022-11-14 00:00:00-05:00,31.02751020681468,31.2051489221837,30.79065921376411,30.83013343811035,187900,0.0,0.0,0.0,USXF
2022-11-15 00:00:00-05:00,31.372915473761235,31.372915473761235,30.85973743230454,31.136062622070312,61300,0.0,0.0,0.0,USXF
2022-11-16 00:00:00-05:00,30.96336069869989,30.96336069869989,30.731443291122837,30.78078842163086,38100,0.0,0.0,0.0,USXF
2022-11-17 00:00:00-05:00,30.40577401181527,30.68900923553265,30.335706371089444,30.662363052368164,29300,0.0,0.0,0.0,USXF
2022-11-18 00:00:00-05:00,30.958428902465474,30.958428902465474,30.573544391724475,30.83013343811035,36200,0.0,0.0,0.0,USXF
2022-11-21 00:00:00-05:00,30.721575406304666,30.84000184159911,30.642625076883146,30.775854110717773,48200,0.0,0.0,0.0,USXF
2022-11-22 00:00:00-05:00,30.938689701120584,31.215014908264088,30.830132294128894,31.17652702331543,52300,0.0,0.0,0.0,USXF
2022-11-23 00:00:00-05:00,31.25448980027557,31.4913407753438,31.1854085011712,31.441997528076172,45900,0.0,0.0,0.0,USXF
2022-11-25 00:00:00-05:00,31.412390715692887,31.490354703479703,31.363047468008407,31.48147201538086,21400,0.0,0.0,0.0,USXF
2022-11-28 00:00:00-05:00,31.215013472633085,31.363046978022282,30.86960697958953,30.938688278198242,43600,0.0,0.0,0.0,USXF
2022-11-29 00:00:00-05:00,30.958427610883227,31.017639886094447,30.716641173423948,30.851842880249023,61000,0.0,0.0,0.0,USXF
2022-11-30 00:00:00-05:00,30.879475902422836,31.94530433786478,30.78078752660067,31.866355895996094,238700,0.0,0.0,0.0,USXF
2022-12-01 00:00:00-05:00,32.05386433496579,32.172288889682086,31.755828389922534,32.03412628173828,50000,0.0,0.0,0.0,USXF
2022-12-02 00:00:00-05:00,31.52095223623796,32.04399938869848,31.52095223623796,31.935441970825195,43900,0.0,0.0,0.0,USXF
2022-12-05 00:00:00-05:00,31.69858651777243,31.69858651777243,31.210081941485587,31.328508377075195,47800,0.0,0.0,0.0,USXF
2022-12-06 00:00:00-05:00,31.25449162001018,31.311731220739713,30.721575483335446,30.889345169067383,37300,0.0,0.0,0.0,USXF
2022-12-07 00:00:00-05:00,30.860725790690214,31.07685238497477,30.810394321120068,30.948558807373047,210300,0.0,0.0,0.0,USXF
2022-12-08 00:00:00-05:00,31.05711274289681,31.33837339068558,30.968293392824123,31.264358520507812,108000,0.0,0.0,0.0,USXF
2022-12-09 00:00:00-05:00,31.12619696984889,31.33344087210147,30.99790151217649,31.007770538330078,78000,0.0,0.0,0.0,USXF
2022-12-12 00:00:00-05:00,31.076850611128034,31.560421579600778,31.05711255960077,31.509103775024414,57000,0.0,0.0,0.0,USXF
2022-12-13 00:00:00-05:00,32.50680026199124,32.52661589315428,31.659699982135827,31.8528995513916,70400,0.125,0.0,0.0,USXF
2022-12-14 00:00:00-05:00,31.783547961244718,32.136257138919134,31.496226967436495,31.625024795532227,137900,0.0,0.0,0.0,USXF
2022-12-15 00:00:00-05:00,31.2683506096003,31.2683506096003,30.73135946283916,30.872047424316406,87300,0.0,0.0,0.0,USXF
2022-12-16 00:00:00-05:00,30.62435731321267,30.668941539105607,30.319203013996077,30.51537322998047,43800,0.0,0.0,0.0,USXF
2022-12-19 00:00:00-05:00,30.495559984434248,30.555004990017817,30.057643215069263,30.168609619140625,76500,0.0,0.0,0.0,USXF
2022-12-20 00:00:00-05:00,30.11907063462898,30.3667603633508,30.029902181111307,30.25777816772461,91300,0.0,0.0,0.0,USXF
2022-12-21 00:00:00-05:00,30.446021844018595,30.80269566796575,30.446021844018595,30.663990020751953,58600,0.0,0.0,0.0,USXF
2022-12-22 00:00:00-05:00,30.39648369665504,30.39648369665504,29.733665365261917,30.23895263671875,39100,0.0,0.0,0.0,USXF
2022-12-23 00:00:00-05:00,30.119070060127946,30.356851968398647,30.034856461035723,30.317222595214844,42800,0.0,0.0,0.0,USXF
2022-12-27 00:00:00-05:00,30.356852547435206,30.37567796459163,30.138886266460162,30.25777816772461,81700,0.0,0.0,0.0,USXF
2022-12-28 00:00:00-05:00,30.27759025903381,30.351897929488008,29.91101053875692,29.930824279785156,60000,0.0,0.0,0.0,USXF
2022-12-29 00:00:00-05:00,30.128978251571496,30.56491270036532,30.128978251571496,30.475744247436523,46200,0.0,0.0,0.0,USXF
2022-12-30 00:00:00-05:00,30.25777891557345,30.42620612113337,30.064579335028288,30.37666893005371,176000,0.0,0.0,0.0,USXF
2023-01-03 00:00:00-05:00,30.60454092351517,30.78287782266848,30.09925367248833,30.396482467651367,52600,0.0,0.0,0.0,USXF
2023-01-04 00:00:00-05:00,30.54509590664581,30.72343280571898,30.287498373509298,30.53717041015625,130900,0.0,0.0,0.0,USXF
2023-01-05 00:00:00-05:00,30.396482355579113,30.396482355579113,30.064577152329182,30.109161376953125,46400,0.0,0.0,0.0,USXF
2023-01-06 00:00:00-05:00,30.396482722285263,30.852230899741485,30.07944018323353,30.747211456298828,63100,0.0,0.0,0.0,USXF
2023-01-09 00:00:00-05:00,30.921586056625408,31.270334387725875,30.822511672973633,30.822511672973633,112400,0.0,0.0,0.0,USXF
2023-01-10 00:00:00-05:00,30.812602888066355,31.11973762512207,30.777926476933743,31.11973762512207,74200,0.0,0.0,0.0,USXF
2023-01-11 00:00:00-05:00,31.20890437793797,31.506131282791205,31.179180931563618,31.496225357055664,68800,0.0,0.0,0.0,USXF
2023-01-12 00:00:00-05:00,31.605210256197097,31.745898224203124,31.258444244335635,31.65970230102539,56600,0.0,0.0,0.0,USXF
2023-01-13 00:00:00-05:00,31.39714985081666,31.823174587473915,31.39714985081666,31.813268661499023,54500,0.0,0.0,0.0,USXF
2023-01-17 00:00:00-05:00,31.862805663641144,31.991605377231775,31.73400595005051,31.833084106445312,67800,0.0,0.0,0.0,USXF
2023-01-18 00:00:00-05:00,31.951974776036835,31.961880702158748,31.307981863921707,31.338695526123047,42800,0.0,0.0,0.0,USXF
2023-01-19 00:00:00-05:00,31.1296460202265,31.1296460202265,30.86214065246478,30.932485580444336,37500,0.0,0.0,0.0,USXF
2023-01-20 00:00:00-05:00,31.02065951230945,31.58539176260846,30.92653810050047,31.560623168945312,53100,0.0,0.0,0.0,USXF
2023-01-23 00:00:00-05:00,31.67456284071829,32.16003449775823,31.67456284071829,32.0312385559082,36100,0.0,0.0,0.0,USXF
2023-01-24 00:00:00-05:00,31.83308401796683,32.03222676540487,31.83308401796683,31.942068099975586,34600,0.0,0.0,0.0,USXF
2023-01-25 00:00:00-05:00,31.56557961081413,32.03123750990607,31.40111326823179,31.970800399780273,32600,0.0,0.0,0.0,USXF
2023-01-26 00:00:00-05:00,32.17985124470281,32.308650970458984,31.922255572636036,32.308650970458984,49000,0.0,0.0,0.0,USXF
2023-01-27 00:00:00-05:00,32.209572457213405,32.551385511344016,32.180841112260936,32.39286422729492,55100,0.0,0.0,0.0,USXF
2023-01-30 00:00:00-05:00,32.199664032742874,32.25415607423083,31.981695866791064,32.01142120361328,48900,0.0,0.0,0.0,USXF
2023-01-31 00:00:00-05:00,32.0807719324653,32.48698290106608,32.06095630235733,32.42753601074219,178400,0.0,0.0,0.0,USXF
2023-02-01 00:00:00-05:00,32.39781803977417,33.227081275621856,32.3086495841453,33.04180908203125,50400,0.0,0.0,0.0,USXF
2023-02-02 00:00:00-05:00,33.24987466171604,33.561962397952605,33.18052183144125,33.388580322265625,44700,0.0,0.0,0.0,USXF
2023-02-03 00:00:00-05:00,33.012088775634766,33.32913134557675,32.922920316623234,33.012088775634766,48000,0.0,0.0,0.0,USXF
2023-02-06 00:00:00-05:00,32.73467807995869,32.908060148078526,32.64550961929054,32.754493713378906,34600,0.0,0.0,0.0,USXF
2023-02-07 00:00:00-05:00,32.724767111802045,33.309315047101045,32.60587709531027,33.180519104003906,52700,0.0,0.0,0.0,USXF
2023-02-08 00:00:00-05:00,33.17061170154904,33.259780164971716,32.87338474995537,32.9427375793457,34500,0.0,0.0,0.0,USXF
2023-02-09 00:00:00-05:00,33.25977691540391,33.25977691540391,32.58606054191106,32.68513870239258,32300,0.0,0.0,0.0,USXF
2023-02-10 00:00:00-05:00,32.48698519223039,32.668292740309845,32.40574223689153,32.5860595703125,28200,0.0,0.0,0.0,USXF
2023-02-13 00:00:00-05:00,32.69504546228075,33.09135055541992,32.69504546228075,33.09135055541992,39600,0.0,0.0,0.0,USXF
2023-02-14 00:00:00-05:00,33.021998571241554,33.3330960741652,32.78025011501948,33.10125732421875,49700,0.0,0.0,0.0,USXF
2023-02-15 00:00:00-05:00,32.9011185764364,33.23005122533566,32.89319308047237,33.210235595703125,41300,0.0,0.0,0.0,USXF
2023-02-16 00:00:00-05:00,32.84365758340931,33.1131433572554,32.7247637995061,32.763404846191406,33200,0.0,0.0,0.0,USXF
2023-02-17 00:00:00-05:00,32.61578284916032,32.61578284916032,32.338371552333705,32.60587692260742,27200,0.0,0.0,0.0,USXF
2023-02-21 00:00:00-05:00,32.288834505298055,32.29378935831942,31.872713778748892,31.90243911743164,72300,0.0,0.0,0.0,USXF
2023-02-22 00:00:00-05:00,31.93215894800494,32.04906852864018,31.75382204334473,31.825159072875977,38900,0.0,0.0,0.0,USXF
2023-02-23 00:00:00-05:00,32.229384060418944,32.26901532133739,31.773635898191966,32.16994094848633,39600,0.0,0.0,0.0,USXF
2023-02-24 00:00:00-05:00,31.724101458577696,31.813269913642266,31.581431174585298,31.78354835510254,46900,0.0,0.0,0.0,USXF
2023-02-27 00:00:00-05:00,32.04411232541744,32.19966294797012,31.82317352294922,31.82317352294922,36200,0.0,0.0,0.0,USXF
2023-02-28 00:00:00-05:00,31.79345428146732,32.07086557302582,31.751842587733545,31.78354835510254,73100,0.0,0.0,0.0,USXF
2023-03-01 00:00:00-05:00,31.773636812298953,31.823174000149635,31.545762724629675,31.674560546875,108700,0.0,0.0,0.0,USXF
2023-03-02 00:00:00-05:00,31.555674025743592,32.05105162813695,31.5061349426983,32.00151443481445,48400,0.0,0.0,0.0,USXF
2023-03-03 00:00:00-05:00,32.09068250103936,32.467171968675444,32.06096094129946,32.43745040893555,115500,0.0,0.0,0.0,USXF
2023-03-06 00:00:00-05:00,32.477076548067785,32.724766280812524,32.338370902441994,32.37800216674805,58300,0.0,0.0,0.0,USXF
2023-03-07 00:00:00-05:00,32.407724331144465,32.407724331144465,31.87073316192775,31.92225456237793,31500,0.0,0.0,0.0,USXF
2023-03-08 00:00:00-05:00,31.96188241808191,32.110497774006284,31.842992401009706,32.08077621459961,41400,0.0,0.0,0.0,USXF
2023-03-09 00:00:00-05:00,32.11049643715146,32.23929615496058,31.42687225341797,31.42687225341797,22100,0.0,0.0,0.0,USXF
2023-03-10 00:00:00-05:00,31.06029272848921,31.357519650595776,30.713526726216422,30.812602996826172,30500,0.0,0.0,0.0,USXF
2023-03-13 00:00:00-04:00,30.44601937920177,31.057318171601203,30.396482191985136,30.723432540893555,47400,0.0,0.0,0.0,USXF
2023-03-14 00:00:00-04:00,31.198997222079157,31.426871313265785,30.9909387622277,31.327796936035156,55000,0.0,0.0,0.0,USXF
2023-03-15 00:00:00-04:00,30.90177201007481,31.14946174621582,30.6540822739338,31.14946174621582,55700,0.0,0.0,0.0,USXF
2023-03-16 00:00:00-04:00,30.99093958416359,31.753822513574583,30.909696627368245,31.734006881713867,28800,0.0,0.0,0.0,USXF
2023-03-17 00:00:00-04:00,31.634933381785736,31.759768464479766,31.26835174105659,31.347612380981445,135500,0.0,0.0,0.0,USXF
2023-03-20 00:00:00-04:00,31.38724269608648,31.67456179847432,31.38724269608648,31.644840240478516,40500,0.0,0.0,0.0,USXF
2023-03-21 00:00:00-04:00,31.96187973022461,31.97079922085292,31.69437626944668,31.96187973022461,58200,0.0,0.0,0.0,USXF
2023-03-22 00:00:00-04:00,31.942069068576735,32.268027330397636,31.416964273833724,31.504152297973633,59000,0.0,0.0,0.0,USXF
2023-03-23 00:00:00-04:00,31.637340792419373,32.04486090778057,31.359034880803023,31.557825088500977,49900,0.102,0.0,0.0,USXF
2023-03-24 00:00:00-04:00,31.38885299157822,31.726795196533203,31.23976128840487,31.726795196533203,60700,0.0,0.0,0.0,USXF
2023-03-27 00:00:00-04:00,31.85600750040241,31.975280104619543,31.657219194772566,31.726795196533203,49900,0.0,0.0,0.0,USXF
2023-03-28 00:00:00-04:00,31.746675102239486,31.746675102239486,31.49918169562548,31.716856002807617,50900,0.0,0.0,0.0,USXF
2023-03-29 00:00:00-04:00,31.99516096051614,32.23370997141817,31.94546435579719,32.18401336669922,63500,0.0,0.0,0.0,USXF
2023-03-30 00:00:00-04:00,32.44243621826172,32.47225342114663,32.2675028142051,32.44243621826172,41300,0.0,0.0,0.0,USXF
2023-03-31 00:00:00-04:00,32.442437283680185,32.90959369945971,32.442437283680185,32.869834899902344,108800,0.0,0.0,0.0,USXF
2023-04-03 00:00:00-04:00,32.820137532744496,32.94935173249605,32.70086492845492,32.884742736816406,52800,0.0,0.0,0.0,USXF
2023-04-04 00:00:00-04:00,32.92947378303402,32.9791703877088,32.512013962228544,32.60246276855469,33100,0.0,0.0,0.0,USXF
2023-04-05 00:00:00-04:00,32.46231434068541,32.52195253571743,32.2675015451647,32.392738342285156,50700,0.0,0.0,0.0,USXF
2023-04-06 00:00:00-04:00,32.23370866996779,32.502074874544206,32.20389146666188,32.47821807861328,46200,0.0,0.0,0.0,USXF
2023-04-10 00:00:00-04:00,32.29334670151593,32.66110610961914,32.29334670151593,32.66110610961914,56600,0.0,0.0,0.0,USXF
2023-04-11 00:00:00-04:00,32.66110865466829,32.77044346355567,32.5517738457809,32.611412048339844,58900,0.0,0.0,0.0,USXF
2023-04-12 00:00:00-04:00,32.68098498302821,32.797277381700546,32.45237758212341,32.52195358276367,40700,0.0,0.0,0.0,USXF
2023-04-13 00:00:00-04:00,32.521956888447875,32.86387272754712,32.521956888447875,32.830078125,60600,0.0,0.0,0.0,USXF
2023-04-14 00:00:00-04:00,32.740621708396205,32.949353516715526,32.47722628850689,32.70086669921875,53000,0.0,0.0,0.0,USXF
2023-04-17 00:00:00-04:00,32.75056355864119,32.919532775878906,32.638248547578094,32.919532775878906,31700,0.0,0.0,0.0,USXF
2023-04-18 00:00:00-04:00,33.11832376842261,33.11832376842261,32.85989913845118,32.97917175292969,43200,0.0,0.0,0.0,USXF
2023-04-19 00:00:00-04:00,32.80522946074091,32.989107272070775,32.75056205964074,32.9493522644043,57700,0.0,0.0,0.0,USXF
2023-04-20 00:00:00-04:00,32.72073992693552,32.96922672635007,32.67104332537415,32.762489318847656,34000,0.0,0.0,0.0,USXF
2023-04-21 00:00:00-04:00,32.770442962646484,32.83306136815262,32.611411549861515,32.770442962646484,20200,0.0,0.0,0.0,USXF
2023-04-24 00:00:00-04:00,32.76049941588233,32.84995481722285,32.61140960805327,32.718753814697266,64100,0.0,0.0,0.0,USXF
2023-04-25 00:00:00-04:00,32.591534171595605,32.591534171595605,32.13431930541992,32.13431930541992,32300,0.0,0.0,0.0,USXF
2023-04-26 00:00:00-04:00,32.36292315921451,32.47225416951477,32.124374155814444,32.20389175415039,39500,0.0,0.0,0.0,USXF
2023-04-27 00:00:00-04:00,32.333101455896724,32.77044065395058,32.27545385249117,32.74061965942383,61500,0.0,0.0,0.0,USXF
2023-04-28 00:00:00-04:00,32.690922377207286,33.12826156616211,32.690922377207286,33.12826156616211,37800,0.0,0.0,0.0,USXF
2023-05-01 00:00:00-04:00,33.078562937789584,33.30518354552645,33.078562937789584,33.16801834106445,51200,0.0,0.0,0.0,USXF
2023-05-02 00:00:00-04:00,33.07856186173467,33.07856186173467,32.5696636516397,32.74061965942383,45900,0.0,0.0,0.0,USXF
2023-05-03 00:00:00-04:00,32.76050160935701,33.000044027399966,32.54183578491211,32.54183578491211,50200,0.0,0.0,0.0,USXF
2023-05-04 00:00:00-04:00,32.462318683010125,32.49213588871087,32.2933494618952,32.38280487060547,60000,0.0,0.0,0.0,USXF
2023-05-05 00:00:00-04:00,32.56171014776935,33.01892876307248,32.56171014776935,32.93941116333008,119200,0.0,0.0,0.0,USXF
2023-05-08 00:00:00-04:00,32.92947311192938,32.97916971559134,32.79032110503278,32.94438171386719,39000,0.0,0.0,0.0,USXF
2023-05-09 00:00:00-04:00,32.75056405695153,32.86983667044045,32.75056405695153,32.760501861572266,80300,0.0,0.0,0.0,USXF
2023-05-10 00:00:00-04:00,32.97917097751996,33.04874698363055,32.66110815198358,32.919532775878906,68100,0.0,0.0,0.0,USXF
2023-05-11 00:00:00-04:00,32.699869653037254,32.81218845534028,32.62134924400058,32.78733825683594,35300,0.0,0.0,0.0,USXF
2023-05-12 00:00:00-04:00,32.90462467402506,32.90462467402506,32.57165324091414,32.760501861572266,76800,0.0,0.0,0.0,USXF
2023-05-15 00:00:00-04:00,32.803240623930584,32.99905063546167,32.74062221794263,32.98910903930664,28200,0.0,0.0,0.0,USXF
2023-05-16 00:00:00-04:00,32.86983462599839,32.92450202703227,32.69092382108891,32.725711822509766,32600,0.0,0.0,0.0,USXF
2023-05-17 00:00:00-04:00,32.84995377547969,33.207775369494506,32.780377775710996,33.12826156616211,23600,0.0,0.0,0.0,USXF
2023-05-18 00:00:00-04:00,33.1083822201666,33.57553482055664,33.09346982738588,33.57553482055664,29200,0.0,0.0,0.0,USXF
2023-05-19 00:00:00-04:00,33.595416505076244,33.635175305314675,33.37675068698062,33.45626449584961,77500,0.0,0.0,0.0,USXF
2023-05-22 00:00:00-04:00,33.47614288330078,33.59541548880015,33.35687027780141,33.47614288330078,48200,0.0,0.0,0.0,USXF
2023-05-23 00:00:00-04:00,33.34693042841615,33.42644803065143,33.018929798215524,33.068626403808594,54600,0.0,0.0,0.0,USXF
2023-05-24 00:00:00-04:00,32.87977315605104,32.87977315605104,32.60146537902454,32.71080017089844,54700,0.0,0.0,0.0,USXF
2023-05-25 00:00:00-04:00,33.25747555420815,33.436386370494205,33.12826513591891,33.35687255859375,62300,0.0,0.0,0.0,USXF
2023-05-26 00:00:00-04:00,33.43638314539171,34.002932745115054,33.43638314539171,33.94329833984375,34600,0.0,0.0,0.0,USXF
2023-05-30 00:00:00-04:00,34.13214743965362,34.236511442006034,33.81010723838924,33.93335723876953,57600,0.0,0.0,0.0,USXF
2023-05-31 00:00:00-04:00,33.72462841550285,33.8041422189619,33.48309921831887,33.57553482055664,155800,0.0,0.0,0.0,USXF
2023-06-01 00:00:00-04:00,33.53578062860907,34.09238864115526,33.47713583208283,33.93335723876953,50000,0.0,0.0,0.0,USXF
2023-06-02 00:00:00-04:00,34.201726032456136,34.51978886132507,34.112270624861246,34.48003005981445,26300,0.0,0.0,0.0,USXF
2023-06-05 00:00:00-04:00,34.38063303245424,34.5158114259465,34.29117763478615,34.330936431884766,36400,0.0,0.0,0.0,USXF
2023-06-06 00:00:00-04:00,34.32099916133533,34.48997217449166,34.30111976028117,34.4700927734375,28500,0.0,0.0,0.0,USXF
2023-06-07 00:00:00-04:00,34.49699240734559,34.52688840067745,34.16816688984286,34.19805908203125,29000,0.087,0.0,0.0,USXF
2023-06-08 00:00:00-04:00,34.19806145167503,34.42425611136611,34.118347666601316,34.39236831665039,23300,0.0,0.0,0.0,USXF
2023-06-09 00:00:00-04:00,34.407313108606694,34.596640468119496,34.31763272808578,34.3973503112793,35800,0.0,0.0,0.0,USXF
2023-06-12 00:00:00-04:00,34.55677957412329,34.855712890625,34.477061995779714,34.855712890625,30700,0.0,0.0,0.0,USXF
2023-06-13 00:00:00-04:00,35.045039253978025,35.19450782481306,34.945396074183776,35.164615631103516,48900,0.0,0.0,0.0,USXF
2023-06-14 00:00:00-04:00,35.15464933279106,35.43863657888901,34.99521796307192,35.294151306152344,53600,0.0,0.0,0.0,USXF
2023-06-15 00:00:00-04:00,35.184543241676735,35.91095316087388,35.184543241676735,35.75251770019531,41000,0.0,0.0,0.0,USXF
2023-06-16 00:00:00-04:00,36.01159191001663,36.01159191001663,35.59308601852663,35.62297821044922,51400,0.0,0.0,0.0,USXF
2023-06-20 00:00:00-04:00,35.32404686280258,35.4635488344323,35.18454489117286,35.353939056396484,56500,0.0,0.0,0.0,USXF
2023-06-21 00:00:00-04:00,35.3041178166794,35.334010010569635,35.03507666823624,35.13471984863281,40000,0.0,0.0,0.0,USXF
2023-06-22 00:00:00-04:00,35.13471918552856,35.234366165188156,34.96532502182266,35.22439956665039,65700,0.0,0.0,0.0,USXF
2023-06-23 00:00:00-04:00,34.925465934724805,35.064967903925385,34.855714950124515,34.92048263549805,35700,0.0,0.0,0.0,USXF
2023-06-26 00:00:00-04:00,34.94539491186537,35.104826274919525,34.776000751620636,34.80589294433594,57300,0.0,0.0,0.0,USXF
2023-06-27 00:00:00-04:00,34.95536016620327,35.40375824426646,34.91550137668638,35.334007263183594,60400,0.0,0.0,0.0,USXF
2023-06-28 00:00:00-04:00,35.137709062438034,35.38682079836444,35.13471756255745,35.27422332763672,23700,0.0,0.0,0.0,USXF
2023-06-29 00:00:00-04:00,35.304115394547175,35.46354675292969,35.24432720972495,35.46354675292969,31500,0.0,0.0,0.0,USXF
2023-06-30 00:00:00-04:00,35.772447851275814,35.96177140773476,35.75351435528685,35.822269439697266,227000,0.0,0.0,0.0,USXF
2023-07-03 00:00:00-04:00,35.832230596616384,35.87208938598633,35.75251681901985,35.87208938598633,17200,0.0,0.0,0.0,USXF
2023-07-05 00:00:00-04:00,35.64290934040319,35.872091692300096,35.64290934040319,35.73258972167969,29800,0.0,0.0,0.0,USXF
2023-07-06 00:00:00-04:00,35.47351172159429,35.543262707585484,35.23436656995124,35.513370513916016,71900,0.0,0.0,0.0,USXF
2023-07-07 00:00:00-04:00,35.483477565888414,35.780419100428254,35.41372658138009,35.44361877441406,676000,0.0,0.0,0.0,USXF
2023-07-10 00:00:00-04:00,35.44361798589831,35.72262191772461,35.44361798589831,35.72262191772461,59900,0.0,0.0,0.0,USXF
2023-07-11 00:00:00-04:00,35.822268555997816,36.01159210778634,35.71265878348845,35.94184112548828,66200,0.0,0.0,0.0,USXF
2023-07-12 00:00:00-04:00,36.31052443379939,36.41017140658806,36.140134382217276,36.25074005126953,29800,0.0,0.0,0.0,USXF
2023-07-13 00:00:00-04:00,36.42013440686182,36.65928334174799,36.380275617523566,36.569602966308594,57300,0.0,0.0,0.0,USXF
2023-07-14 00:00:00-04:00,36.65928476214843,36.7987867290941,36.469957406027724,36.54967498779297,57800,0.0,0.0,0.0,USXF
2023-07-17 00:00:00-04:00,36.55963885537697,36.853592695313644,36.53970945935214,36.748966217041016,47000,0.0,0.0,0.0,USXF
2023-07-18 00:00:00-04:00,36.768895135519806,37.272098124322625,36.71906974553305,37.157508850097656,48200,0.0,0.0,0.0,USXF
2023-07-19 00:00:00-04:00,37.32690399600315,37.39665498245036,37.08775884279667,37.19736862182617,41300,0.0,0.0,0.0,USXF
2023-07-20 00:00:00-04:00,37.00804053597816,37.1316005098877,36.70910719972739,36.77885818481445,380600,0.0,0.0,0.0,USXF
2023-07-21 00:00:00-04:00,36.928326980120836,36.980140368870494,36.748966217041016,36.748966217041016,36200,0.0,0.0,0.0,USXF
2023-07-24 00:00:00-04:00,36.818715123774986,36.90142040209386,36.77885633397575,36.85857391357422,46200,0.0,0.0,0.0,USXF
2023-07-25 00:00:00-04:00,36.88846814356075,37.207330877286,36.87850154498855,37.097721099853516,47500,0.0,0.0,0.0,USXF
2023-07-26 00:00:00-04:00,36.87849971806555,36.93330460406681,36.64931737712546,36.828678131103516,90300,0.0,0.0,0.0,USXF
2023-07-27 00:00:00-04:00,37.13757984484656,37.13757984484656,36.519783774178855,36.589534759521484,63500,0.0,0.0,0.0,USXF
2023-07-28 00:00:00-04:00,36.86853652627481,36.94925000504354,36.749959858186344,36.917362213134766,28700,0.0,0.0,0.0,USXF
2023-07-31 00:00:00-04:00,36.97814701603714,36.998076411224666,36.84860784788994,36.95821762084961,101200,0.0,0.0,0.0,USXF
2023-08-01 00:00:00-04:00,36.88846761671112,37.047898981296704,36.813733333061464,36.998077392578125,46500,0.0,0.0,0.0,USXF
2023-08-02 00:00:00-04:00,36.72903730877016,36.72903730877016,36.230813804964036,36.340423583984375,62400,0.0,0.0,0.0,USXF
2023-08-03 00:00:00-04:00,36.14113093833217,36.34739618455133,36.0923052511789,36.16106033325195,25700,0.0,0.0,0.0,USXF
2023-08-04 00:00:00-04:00,36.31052465488952,36.51479809949258,36.04646682739258,36.04646682739258,34100,0.0,0.0,0.0,USXF
2023-08-07 00:00:00-04:00,36.240774532005204,36.45003128051758,36.240774532005204,36.45003128051758,50700,0.0,0.0,0.0,USXF
2023-08-08 00:00:00-04:00,36.230812072753906,36.2816295601191,35.931878744991096,36.230812072753906,49800,0.0,0.0,0.0,USXF
2023-08-09 00:00:00-04:00,36.23081066229807,36.23081066229807,35.87208916249023,35.901981353759766,28900,0.0,0.0,0.0,USXF
2023-08-10 00:00:00-04:00,36.14113368546925,36.44505032909608,35.85216313888249,35.96177291870117,44300,0.0,0.0,0.0,USXF
2023-08-11 00:00:00-04:00,35.762481252905395,35.96177140773476,35.70269686725706,35.822269439697266,44100,0.0,0.0,0.0,USXF
2023-08-14 00:00:00-04:00,35.692731631192395,36.15109634399414,35.692731631192395,36.15109634399414,36800,0.0,0.0,0.0,USXF
2023-08-15 00:00:00-04:00,36.04148420134711,36.054438498187544,35.772446871014886,35.78240966796875,55800,0.0,0.0,0.0,USXF
2023-08-16 00:00:00-04:00,35.79237413044822,35.94682599899605,35.54326238243181,35.55821228027344,32000,0.0,0.0,0.0,USXF
2023-08-17 00:00:00-04:00,35.662837467825184,35.7076757562967,35.20447278033562,35.21443557739258,50200,0.0,0.0,0.0,USXF
2023-08-18 00:00:00-04:00,34.99521477438376,35.30212288895747,34.96033928422122,35.248313903808594,49800,0.0,0.0,0.0,USXF
2023-08-21 00:00:00-04:00,35.37386863056095,35.722623561390705,35.272229850228996,35.67280197143555,36100,0.0,0.0,0.0,USXF
2023-08-22 00:00:00-04:00,35.86212901709304,35.86212901709304,35.46255279906611,35.54326248168945,37400,0.0,0.0,0.0,USXF
2023-08-23 00:00:00-04:00,35.62596750975536,36.03251882342755,35.59308761762069,35.921913146972656,23700,0.0,0.0,0.0,USXF
2023-08-24 00:00:00-04:00,36.280633943124265,36.280633943124265,35.47849383000746,35.5034065246582,28800,0.0,0.0,0.0,USXF
2023-08-25 00:00:00-04:00,35.61301616941784,35.822269119604286,35.3449709325732,35.69272994995117,34500,0.0,0.0,0.0,USXF
2023-08-28 00:00:00-04:00,35.82226975748357,36.008605616770545,35.77244816862014,35.95180892944336,69500,0.0,0.0,0.0,USXF
2023-08-29 00:00:00-04:00,35.862128170981755,36.51978302001953,35.862128170981755,36.51978302001953,44400,0.0,0.0,0.0,USXF
2023-08-30 00:00:00-04:00,36.54967649410196,36.72903725932218,36.45900021185027,36.689178466796875,42500,0.0,0.0,0.0,USXF
2023-08-31 00:00:00-04:00,36.75892847101255,36.87850104425005,36.64533509660846,36.64931869506836,46800,0.0,0.0,0.0,USXF
2023-09-01 00:00:00-04:00,36.86853714573053,36.93828812813097,36.649317600390006,36.79878616333008,42600,0.0,0.0,0.0,USXF
2023-09-05 00:00:00-04:00,36.69914453681522,36.69914453681522,36.52974657159482,36.589534759521484,31400,0.0,0.0,0.0,USXF
2023-09-06 00:00:00-04:00,36.549674455128454,36.61942543758475,36.240774532005204,36.45003128051758,50400,0.0,0.0,0.0,USXF
2023-09-07 00:00:00-04:00,36.18098884801145,36.34042020234787,36.09130847362576,36.28063201904297,31200,0.0,0.0,0.0,USXF
2023-09-08 00:00:00-04:00,36.29059600830078,36.41017237884021,36.18099003702148,36.29059600830078,46700,0.0,0.0,0.0,USXF
2023-09-11 00:00:00-04:00,36.4998516600367,36.4998516600367,36.2696696244042,36.4400634765625,43900,0.0,0.0,0.0,USXF
2023-09-12 00:00:00-04:00,36.28063540629479,36.4201373792205,36.1491044316586,36.16604232788086,31000,0.0,0.0,0.0,USXF
2023-09-13 00:00:00-04:00,36.1809892805957,36.33045403892999,36.08433380705931,36.22084426879883,30200,0.0,0.0,0.0,USXF
2023-09-14 00:00:00-04:00,36.4500326979278,36.49985428717062,36.27764703425564,36.43010330200195,55000,0.0,0.0,0.0,USXF
2023-09-15 00:00:00-04:00,36.280635126980954,36.280635126980954,35.86212921142578,35.86212921142578,55100,0.0,0.0,0.0,USXF
2023-09-18 00:00:00-04:00,35.88205480642433,35.97173518849239,35.72262343843041,35.86212921142578,70000,0.0,0.0,0.0,USXF
2023-09-19 00:00:00-04:00,35.772447246788204,35.80233943910725,35.5133689095449,35.7664680480957,39100,0.0,0.0,0.0,USXF
2023-09-20 00:00:00-04:00,35.86710600602582,35.92191089099988,35.3639030456543,35.3639030456543,60400,0.0,0.0,0.0,USXF
2023-09-21 00:00:00-04:00,35.134718794975235,35.134718794975235,34.716212888487824,34.761051177978516,50700,0.0,0.0,0.0,USXF
2023-09-22 00:00:00-04:00,34.82582180723654,34.955360975594225,34.63649445321912,34.70624923706055,56000,0.0,0.0,0.0,USXF
2023-09-25 00:00:00-04:00,34.59664021682348,34.80589316947115,34.551798126316946,34.7760009765625,42500,0.0,0.0,0.0,USXF
2023-09-26 00:00:00-04:00,34.599998474121094,34.599998474121094,34.25,34.33000183105469,46900,0.124,0.0,0.0,USXF
2023-09-27 00:00:00-04:00,34.439998626708984,34.505001068115234,34.099998474121094,34.40999984741211,46400,0.0,0.0,0.0,USXF
2023-09-28 00:00:00-04:00,34.369998931884766,34.86000061035156,34.349998474121094,34.70000076293945,94700,0.0,0.0,0.0,USXF
2023-09-29 00:00:00-04:00,34.97999954223633,35.0,34.560001373291016,34.65999984741211,61600,0.0,0.0,0.0,USXF
2023-10-02 00:00:00-04:00,34.630001068115234,34.7869987487793,34.43000030517578,34.65999984741211,49800,0.0,0.0,0.0,USXF
2023-10-03 00:00:00-04:00,34.459999084472656,34.57500076293945,33.88999938964844,34.06999969482422,183500,0.0,0.0,0.0,USXF
2023-10-04 00:00:00-04:00,34.150001525878906,34.439998626708984,34.029998779296875,34.40999984741211,39400,0.0,0.0,0.0,USXF
2023-10-05 00:00:00-04:00,34.36000061035156,34.470001220703125,34.119998931884766,34.41999816894531,40200,0.0,0.0,0.0,USXF
2023-10-06 00:00:00-04:00,34.189998626708984,35.06999969482422,34.16999816894531,34.939998626708984,68100,0.0,0.0,0.0,USXF
2023-10-09 00:00:00-04:00,34.70000076293945,35.150001525878906,34.63999938964844,35.06999969482422,59000,0.0,0.0,0.0,USXF
2023-10-10 00:00:00-04:00,35.132999420166016,35.529998779296875,35.11000061035156,35.31999969482422,41800,0.0,0.0,0.0,USXF
2023-10-11 00:00:00-04:00,35.439998626708984,35.560001373291016,35.220001220703125,35.560001373291016,27500,0.0,0.0,0.0,USXF
2023-10-12 00:00:00-04:00,35.599998474121094,35.6150016784668,35.11000061035156,35.29999923706055,68000,0.0,0.0,0.0,USXF
2023-10-13 00:00:00-04:00,35.5,35.5,34.90700149536133,35.029998779296875,43700,0.0,0.0,0.0,USXF
2023-10-16 00:00:00-04:00,35.189998626708984,35.58000183105469,35.189998626708984,35.45000076293945,45000,0.0,0.0,0.0,USXF
2023-10-17 00:00:00-04:00,35.16999816894531,35.59000015258789,35.165000915527344,35.41999816894531,43800,0.0,0.0,0.0,USXF
2023-10-18 00:00:00-04:00,35.25,35.25,34.7400016784668,34.83000183105469,49300,0.0,0.0,0.0,USXF
2023-10-19 00:00:00-04:00,34.93000030517578,34.970001220703125,34.391998291015625,34.439998626708984,46800,0.0,0.0,0.0,USXF
2023-10-20 00:00:00-04:00,34.43000030517578,34.44200134277344,33.9900016784668,34.0099983215332,51400,0.0,0.0,0.0,USXF
2023-10-23 00:00:00-04:00,33.900001525878906,34.32899856567383,33.70899963378906,33.959999084472656,48800,0.0,0.0,0.0,USXF
2023-10-24 00:00:00-04:00,34.209999084472656,34.31999969482422,33.94499969482422,34.20000076293945,37600,0.0,0.0,0.0,USXF
2023-10-25 00:00:00-04:00,34.29999923706055,34.29999923706055,33.77000045776367,33.86000061035156,49200,0.0,0.0,0.0,USXF
2023-10-26 00:00:00-04:00,33.779998779296875,33.810001373291016,33.37900161743164,33.38999938964844,46000,0.0,0.0,0.0,USXF
2023-10-27 00:00:00-04:00,33.54999923706055,33.62799835205078,33.130001068115234,33.2400016784668,64500,0.0,0.0,0.0,USXF
2023-10-30 00:00:00-04:00,33.4900016784668,33.729000091552734,33.310001373291016,33.619998931884766,62500,0.0,0.0,0.0,USXF
2023-10-31 00:00:00-04:00,33.68000030517578,33.880001068115234,33.5,33.849998474121094,81600,0.0,0.0,0.0,USXF
2023-11-01 00:00:00-04:00,33.90999984741211,34.27299880981445,33.9010009765625,34.2400016784668,44500,0.0,0.0,0.0,USXF
2023-11-02 00:00:00-04:00,34.56999969482422,34.97999954223633,34.56999969482422,34.95000076293945,65700,0.0,0.0,0.0,USXF
2023-11-03 00:00:00-04:00,35.209999084472656,35.59000015258789,35.209999084472656,35.45000076293945,35300,0.0,0.0,0.0,USXF
2023-11-06 00:00:00-05:00,35.560001373291016,35.560001373291016,35.290000915527344,35.5099983215332,71800,0.0,0.0,0.0,USXF
2023-11-07 00:00:00-05:00,35.5099983215332,35.75,35.5,35.66999816894531,26800,0.0,0.0,0.0,USXF
2023-11-08 00:00:00-05:00,35.77000045776367,35.810001373291016,35.56999969482422,35.77000045776367,90000,0.0,0.0,0.0,USXF
2023-11-09 00:00:00-05:00,35.869998931884766,35.88999938964844,35.45000076293945,35.470001220703125,55100,0.0,0.0,0.0,USXF
2023-11-10 00:00:00-05:00,35.689998626708984,36.16999816894531,35.577999114990234,36.130001068115234,138100,0.0,0.0,0.0,USXF
2023-11-13 00:00:00-05:00,36.040000915527344,36.15599822998047,35.91999816894531,36.08000183105469,66300,0.0,0.0,0.0,USXF
2023-11-14 00:00:00-05:00,36.720001220703125,37.0099983215332,36.65999984741211,36.91999816894531,53100,0.0,0.0,0.0,USXF
2023-11-15 00:00:00-05:00,37.04999923706055,37.13999938964844,36.900001525878906,36.95000076293945,58200,0.0,0.0,0.0,USXF
2023-11-16 00:00:00-05:00,36.88999938964844,37.0099983215332,36.810001373291016,37.0099983215332,72000,0.0,0.0,0.0,USXF
2023-11-17 00:00:00-05:00,37.06999969482422,37.09000015258789,36.90999984741211,37.02000045776367,72500,0.0,0.0,0.0,USXF
2023-11-20 00:00:00-05:00,37.02000045776367,37.459999084472656,37.02000045776367,37.38999938964844,58900,0.0,0.0,0.0,USXF
2023-11-21 00:00:00-05:00,37.290000915527344,37.31999969482422,37.13199996948242,37.25,53300,0.0,0.0,0.0,USXF
2023-11-22 00:00:00-05:00,37.400001525878906,37.505001068115234,37.25,37.369998931884766,105600,0.0,0.0,0.0,USXF
2023-11-24 00:00:00-05:00,37.380001068115234,37.41999816894531,37.349998474121094,37.38999938964844,21400,0.0,0.0,0.0,USXF
2023-11-27 00:00:00-05:00,37.380001068115234,37.48500061035156,37.31999969482422,37.380001068115234,53903,0.0,0.0,0.0,USXF
